Date,Confirmed,Deaths,Recovered,Active,New Cases,Deaths / 100 Cases,Recovered / 100 Cases,Deaths / 100 Recovered,No. of Countries
2020-01-23,657,18,32,607,101,2.74,4.87,56.25,9
2020-01-24,944,26,39,879,289,2.75,4.13,66.67,10
2020-01-25,1437,42,42,1353,495,2.92,2.92,100.0,12
2020-01-26,2120,56,56,2008,683,2.64,2.64,100.0,13
2020-01-27,2929,82,65,2782,809,2.8,2.22,126.15,16
2020-01-28,5580,131,108,5341,2653,2.35,1.94,121.3,16
2020-01-29,6169,133,127,5909,589,2.16,2.06,104.72,18
2020-01-30,8237,172,145,7920,2071,2.09,1.76,118.62,20
2020-01-31,9927,214,225,9488,1690,2.16,2.27,95.11,23
2020-02-01,12038,260,287,11491,2111,2.16,2.38,90.59,25
2020-02-02,16787,364,476,15947,4749,2.17,2.84,76.47,25
2020-02-03,19887,428,627,18832,3100,2.15,3.15,68.26,25
2020-02-04,23899,494,857,22548,4012,2.07,3.59,57.64,26
2020-02-05,27644,566,1130,25948,3745,2.05,4.09,50.09,26
2020-02-06,30806,636,1493,28677,3192,2.06,4.85,42.6,26
2020-02-07,34400,721,2016,31663,3594,2.1,5.86,35.76,27
2020-02-08,37131,808,2617,33706,2731,2.18,7.05,30.88,27
2020-02-09,40162,908,3247,36007,3031,2.26,8.08,27.96,27
2020-02-10,42771,1015,3949,37807,2609,2.37,9.23,25.7,27
2020-02-11,44814,1115,4684,39015,2043,2.49,10.45,23.8,27
2020-02-12,45232,1120,5151,38961,418,2.48,11.39,21.74,27
2020-02-13,60384,1373,6294,52717,15152,2.27,10.42,21.81,27
2020-02-14,66912,1525,8061,57326,6528,2.28,12.05,18.92,28
2020-02-15,69055,1668,9397,57990,2143,2.42,13.61,17.75,28
2020-02-16,71238,1772,10867,58599,2183,2.49,15.25,16.31,28
2020-02-17,73273,1870,12587,58816,2035,2.55,17.18,14.86,28
2020-02-18,75155,2010,14352,58793,1883,2.67,19.1,14.01,28
2020-02-19,75655,2125,16123,57407,500,2.81,21.31,13.18,29
2020-02-20,76216,2250,18181,55785,561,2.95,23.85,12.38,29
2020-02-21,76846,2254,18894,55698,630,2.93,24.59,11.93,31
2020-02-22,78608,2462,22892,53254,1763,3.13,29.12,10.75,31
2020-02-23,78990,2473,23397,53120,385,3.13,29.62,10.57,32
2020-02-24,79558,2633,25229,51696,570,3.31,31.71,10.44,37
2020-02-25,80412,2713,27907,49792,854,3.37,34.71,9.72,42
2020-02-26,81384,2774,30388,48222,973,3.41,37.34,9.13,48
2020-02-27,82728,2817,33282,46629,1344,3.41,40.23,8.46,51
2020-02-28,84152,2876,36714,44562,1424,3.42,43.63,7.83,56
2020-02-29,86023,2946,39785,43292,1876,3.42,46.25,7.4,61
2020-03-01,88402,3000,42721,42681,2381,3.39,48.33,7.02,66
2020-03-02,90382,3090,45605,41687,1980,3.42,50.46,6.78,73
2020-03-03,92994,3164,48227,41603,2613,3.4,51.86,6.56,76
2020-03-04,95338,3260,51170,40908,2348,3.42,53.67,6.37,80
2020-03-05,98078,3355,53796,40927,2740,3.42,54.85,6.24,84
2020-03-06,102062,3469,55864,42729,3985,3.4,54.74,6.21,93
2020-03-07,106199,3573,58358,44268,4142,3.36,54.95,6.12,94
2020-03-08,109997,3815,60695,45487,3799,3.47,55.18,6.29,99
2020-03-09,114292,4009,62495,47788,4296,3.51,54.68,6.41,101
2020-03-10,119051,4284,64402,50365,4761,3.6,54.1,6.65,105
2020-03-11,126527,4636,66999,54892,7505,3.66,52.95,6.92,111
2020-03-12,133283,4957,68328,59998,6760,3.72,51.27,7.25,113
2020-03-13,146477,5460,70255,70762,13199,3.73,47.96,7.77,119
2020-03-14,157365,5886,72622,78857,10891,3.74,46.15,8.1,133
2020-03-15,168598,6557,76031,86010,11233,3.89,45.1,8.62,138
2020-03-16,183165,7268,78086,97811,14571,3.97,42.63,9.31,142
2020-03-17,198339,8119,80830,109390,15177,4.09,40.75,10.04,146
2020-03-18,215900,9075,83317,123508,17561,4.2,38.59,10.89,150
2020-03-19,242987,10217,84958,147812,27089,4.2,34.96,12.03,155
2020-03-20,272517,11791,87403,173323,29532,4.33,32.07,13.49,162
2020-03-21,304944,13599,91650,199695,32433,4.46,30.05,14.84,164
2020-03-22,339156,15427,97867,225862,34212,4.55,28.86,15.76,169
2020-03-23,381711,17523,98355,265833,42556,4.59,25.77,17.82,170
2020-03-24,423594,19949,107974,295671,41901,4.71,25.49,18.48,172
2020-03-25,475075,22920,113753,338402,51481,4.82,23.94,20.15,175
2020-03-26,535889,26173,122125,387591,60818,4.88,22.79,21.43,175
2020-03-27,599820,29812,130910,439098,63932,4.97,21.82,22.77,176
2020-03-28,669402,33861,139421,496120,69582,5.06,20.83,24.29,177
2020-03-29,725918,37680,148877,539361,56517,5.19,20.51,25.31,177
2020-03-30,790929,42050,164213,584666,65012,5.32,20.76,25.61,178
2020-03-31,869371,47218,177803,644350,78442,5.43,20.45,26.56,180
2020-04-01,955728,53862,193075,708791,86358,5.64,20.2,27.9,180
2020-04-02,1038176,60115,210218,767843,82448,5.79,20.25,28.6,181
2020-04-03,1122386,66617,225640,830129,84210,5.94,20.1,29.52,181
2020-04-04,1182507,72976,246052,863479,77197,6.17,20.81,29.66,181
2020-04-05,1254222,78897,259888,915437,71717,6.29,20.72,30.36,182
2020-04-06,1328948,85324,276597,967027,74726,6.42,20.81,30.85,183
2020-04-07,1397886,93841,299859,1004186,72427,6.71,21.45,31.3,183
2020-04-08,1480062,101061,328741,1050260,82176,6.83,22.21,30.74,183
2020-04-09,1567243,109216,353995,1104032,87181,6.97,22.59,30.85,183
2020-04-10,1653665,116957,375733,1160975,86422,7.07,22.72,31.13,184
2020-04-11,1729180,123939,401983,1203258,75515,7.17,23.25,30.83,184
2020-04-12,1847761,130453,421366,1295942,118602,7.06,22.8,30.96,184
2020-04-13,1919593,136966,448623,1334004,71832,7.14,23.37,30.53,184
2020-04-14,2004226,144323,473697,1386206,84633,7.2,23.63,30.47,184
2020-04-15,2082482,153088,510236,1419158,78256,7.35,24.5,30.0,184
2020-04-16,2176950,160800,541119,1475031,94468,7.39,24.86,29.72,184
2020-04-17,2264830,169688,567303,1527839,87880,7.49,25.05,29.91,184
2020-04-18,2343082,176118,591169,1575795,78253,7.52,25.23,29.79,184
2020-04-19,2419404,182219,622952,1614233,76322,7.53,25.75,29.25,184
2020-04-20,2495886,188730,645130,1662026,76482,7.56,25.85,29.25,184
2020-04-21,2571973,195926,679932,1696115,76087,7.62,26.44,28.82,184
2020-04-22,2654011,203205,710017,1740789,82038,7.66,26.75,28.62,184
2020-04-23,2736728,210475,738747,1787506,84426,7.69,26.99,28.49,184
2020-04-24,2820291,217313,788776,1814202,93597,7.71,27.97,27.55,184
2020-04-25,2903496,223363,816531,1863602,83205,7.69,28.12,27.36,184
2020-04-26,2974291,228179,845343,1900769,70796,7.67,28.42,26.99,184
2020-04-27,3045275,233624,873227,1938424,70984,7.67,28.67,26.75,184
2020-04-28,3121107,240253,906439,1974415,75832,7.7,29.04,26.51,184
2020-04-29,3198435,247233,948516,2002686,78783,7.73,29.66,26.07,184
2020-04-30,3282087,253486,1013632,2014969,83659,7.72,30.88,25.01,185
2020-05-01,3371033,259073,1051789,2060171,88946,7.69,31.2,24.63,186
2020-05-02,3449295,265119,1092440,2091736,78429,7.69,31.67,24.27,186
2020-05-03,3523292,269394,1124973,2128925,74013,7.65,31.93,23.95,186
2020-05-04,3600929,274239,1159059,2167631,77642,7.62,32.19,23.66,186
2020-05-05,3680614,280386,1195532,2204696,79685,7.62,32.48,23.45,186
2020-05-06,3771036,287146,1241651,2242239,90422,7.61,32.93,23.13,186
2020-05-07,3860174,293012,1281176,2285986,90721,7.59,33.19,22.87,186
2020-05-08,3950657,298967,1317589,2334101,91963,7.57,33.35,22.69,186
2020-05-09,4035000,303885,1371030,2360085,84343,7.53,33.98,22.16,186
2020-05-10,4110223,308223,1404839,2397161,75223,7.5,34.18,21.94,186
2020-05-11,4186364,312301,1451724,2422339,76198,7.46,34.68,21.51,186
2020-05-12,4271644,318031,1488766,2464847,85300,7.45,34.85,21.36,186
2020-05-13,4355992,323468,1544638,2487886,84348,7.43,35.46,20.94,187
2020-05-14,4451634,329217,1584349,2538068,95643,7.4,35.59,20.78,187
2020-05-15,4547536,334970,1632452,2580114,95902,7.37,35.9,20.52,187
2020-05-16,4641426,339511,1688863,2613052,93890,7.31,36.39,20.1,187
2020-05-17,4719789,343391,1729871,2646527,78363,7.28,36.65,19.85,187
2020-05-18,4808921,347786,1782787,2678348,89132,7.23,37.07,19.51,187
2020-05-19,4904739,352754,1834839,2717146,96027,7.19,37.41,19.23,187
2020-05-20,5010162,358160,1893809,2758193,105423,7.15,37.8,18.91,187
2020-05-21,5116135,363195,1945029,2807911,106077,7.1,38.02,18.67,187
2020-05-22,5223477,368901,2053576,2801000,107342,7.06,39.31,17.96,187
2020-05-23,5327627,373355,2108410,2845862,104150,7.01,39.58,17.71,187
2020-05-24,5420843,376755,2163937,2880151,93655,6.95,39.92,17.41,187
2020-05-25,5509066,378449,2227666,2902951,88595,6.87,40.44,16.99,187
2020-05-26,5601428,383229,2282818,2935381,92362,6.84,40.75,16.79,187
2020-05-27,5703984,388449,2346145,2969390,102556,6.81,41.13,16.56,187
2020-05-28,5823977,393440,2413008,3017529,119993,6.76,41.43,16.3,187
2020-05-29,5945413,398596,2490273,3056544,121436,6.7,41.89,16.01,187
2020-05-30,6080456,402955,2560723,3116778,135043,6.63,42.11,15.74,187
2020-05-31,6183316,406242,2637107,3139967,102860,6.57,42.65,15.4,187
2020-06-01,6283580,409983,2692032,3181565,100264,6.52,42.84,15.23,187
2020-06-02,6406221,415254,2796144,3194823,123288,6.48,43.65,14.85,187
2020-06-03,6517437,420875,2875235,3221327,114442,6.46,44.12,14.64,187
2020-06-04,6655667,426403,2945305,3283959,138230,6.41,44.25,14.48,187
2020-06-05,6789073,431460,3014470,3343143,133406,6.36,44.4,14.31,187
2020-06-06,6918403,435600,3086674,3396129,129330,6.3,44.62,14.11,187
2020-06-07,7029415,438857,3141783,3448775,111012,6.24,44.69,13.97,187
2020-06-08,7132463,443312,3293394,3395757,103048,6.22,46.17,13.46,187
2020-06-09,7258445,448357,3375664,3434424,125982,6.18,46.51,13.28,187
2020-06-10,7395607,453783,3454835,3486989,137162,6.14,46.71,13.13,187
2020-06-11,7531793,458920,3540714,3532159,136186,6.09,47.01,12.96,187
2020-06-12,7659267,463663,3620434,3575170,127474,6.05,47.27,12.81,187
2020-06-13,7793175,468056,3706326,3618793,133908,6.01,47.56,12.63,187
2020-06-14,7925122,471838,3777145,3676139,131947,5.95,47.66,12.49,187
2020-06-15,8050034,475905,3857420,3716709,124912,5.91,47.92,12.34,187
2020-06-16,8193933,483023,3955283,3755627,143899,5.89,48.27,12.21,187
2020-06-17,8337135,488500,4074114,3774521,143202,5.86,48.87,11.99,187
2020-06-18,8480229,493854,4155277,3831098,143094,5.82,49.0,11.88,187
2020-06-19,8661225,500212,4250267,3910746,181144,5.78,49.07,11.77,187
2020-06-20,8847108,504694,4366121,3976293,185883,5.7,49.35,11.56,187
2020-06-21,8940170,509338,4434807,3996025,112858,5.7,49.61,11.49,187
2020-06-22,9082502,513205,4526440,4042857,142333,5.65,49.84,11.34,187
2020-06-23,9250625,518774,4630495,4101356,168126,5.61,50.06,11.2,187
2020-06-24,9422061,524272,4746246,4151543,171436,5.56,50.37,11.05,187
2020-06-25,9601576,529382,4839130,4233064,179515,5.51,50.4,10.94,187
2020-06-26,9794066,534465,4945110,4314491,192490,5.46,50.49,10.81,187
2020-06-27,9970478,539201,5051396,4379881,176412,5.41,50.66,10.67,187
2020-06-28,10138935,542822,5140599,4455514,168864,5.35,50.7,10.56,187
2020-06-29,10291617,546894,5235170,4509553,152682,5.31,50.87,10.45,187
2020-06-30,10475388,552146,5352510,4570732,183771,5.27,51.1,10.32,187
2020-07-01,10690516,557487,5468424,4664605,215128,5.21,51.15,10.19,187
2020-07-02,10895486,563001,5753358,4579127,204970,5.17,52.8,9.79,187
2020-07-03,11098124,568241,5863246,4666637,202639,5.12,52.83,9.69,187
2020-07-04,11287838,573035,6059006,4655797,189714,5.08,53.68,9.46,187
2020-07-05,11474058,576880,6178369,4718809,186220,5.03,53.85,9.34,187
2020-07-06,11642331,581148,6302068,4759115,168273,4.99,54.13,9.22,187
2020-07-07,11851900,587508,6447101,4817291,209569,4.96,54.4,9.11,187
2020-07-08,12067186,593137,6605157,4868892,215286,4.92,54.74,8.98,187
2020-07-09,12291782,598986,6739775,4953021,224596,4.87,54.83,8.89,187
2020-07-10,12524663,604728,6879221,5040714,232881,4.83,54.93,8.79,187
2020-07-11,12737483,609869,7004913,5122701,212820,4.79,54.99,8.71,187
2020-07-12,12930415,614171,7116749,5199495,192932,4.75,55.04,8.63,187
2020-07-13,13124893,618607,7257072,5249214,194478,4.71,55.29,8.52,187
2020-07-14,13345920,624592,7399324,5322004,221027,4.68,55.44,8.44,187
2020-07-15,13575706,630511,7559130,5386065,229786,4.64,55.68,8.34,187
2020-07-16,13820618,636673,7711615,5472330,244912,4.61,55.8,8.26,187
2020-07-17,14058038,643711,7895036,5519291,237420,4.58,56.16,8.15,187
2020-07-18,14293379,650241,8045823,5597315,235341,4.55,56.29,8.08,187
2020-07-19,14505270,655135,8133881,5716254,211891,4.52,56.08,8.05,187
2020-07-20,14713414,659101,8293009,5761304,208144,4.48,56.36,7.95,187
2020-07-21,14956435,665439,8467705,5823291,243131,4.45,56.62,7.86,187
2020-07-22,15231791,672857,8647437,5911497,275358,4.42,56.77,7.78,187
2020-07-23,15511422,679494,8823667,6008261,279632,4.38,56.88,7.7,187
2020-07-24,15794928,685956,9051967,6057005,283506,4.34,57.31,7.58,187
2020-07-25,16044485,692021,9271779,6080685,249557,4.31,57.79,7.46,187
2020-07-26,16256294,696430,9415080,6144784,211809,4.28,57.92,7.4,187
2020-07-27,16490680,701726,9586463,6202491,234390,4.26,58.13,7.32,187
2020-07-28,16754567,708664,9756921,6288982,263887,4.23,58.23,7.26,187
2020-07-29,17024801,715292,9959507,6350002,270234,4.2,58.5,7.18,187
2020-07-30,17306582,722069,10173026,6411487,281781,4.17,58.78,7.1,187
2020-07-31,17594044,728679,10372632,6492733,287462,4.14,58.96,7.03,187
2020-08-01,17840315,734665,10553543,6552107,246271,4.12,59.16,6.96,187
2020-08-02,18070926,739352,10692267,6639307,230611,4.09,59.17,6.91,187
2020-08-03,18276983,744209,10914712,6618062,206058,4.07,59.72,6.82,187
2020-08-04,18542287,751380,11138369,6652538,265304,4.05,60.07,6.75,187
2020-08-05,18817443,758757,11360064,6698622,275156,4.03,60.37,6.68,187
2020-08-06,19104145,765604,11548871,6789670,286702,4.01,60.45,6.63,187
2020-08-07,19386579,772357,11740917,6873305,282434,3.98,60.56,6.58,187
2020-08-08,19651806,778381,11941161,6932264,265227,3.96,60.76,6.52,187
2020-08-09,19884801,783575,12119939,6981287,232997,3.94,60.95,6.47,187
2020-08-10,20118013,788952,12284150,7044911,233212,3.92,61.06,6.42,187
2020-08-11,20383576,795567,12589218,6998791,265564,3.9,61.76,6.32,187
2020-08-12,20658646,802540,12829863,7026243,275070,3.88,62.1,6.26,187
2020-08-13,20948740,809327,12993779,7145634,290110,3.86,62.03,6.23,187
2020-08-14,21255813,815894,13277021,7162898,307073,3.84,62.46,6.15,187
2020-08-15,21504839,821948,13445625,7237266,249026,3.82,62.52,6.11,187
2020-08-16,21714880,826748,13678579,7209553,210083,3.81,62.99,6.04,187
2020-08-17,21927762,831371,13889591,7206800,212882,3.79,63.34,5.99,187
2020-08-18,22187166,838427,14117186,7231553,259404,3.78,63.63,5.94,187
2020-08-19,22464640,844850,14335183,7284607,277474,3.76,63.81,5.89,187
2020-08-20,22736119,851277,14542973,7341869,271479,3.74,63.96,5.85,187
2020-08-21,22998072,857049,14711467,7429556,261953,3.73,63.97,5.83,187
2020-08-22,23261601,862838,14921384,7477379,263529,3.71,64.15,5.78,187
2020-08-23,23464360,867145,15137915,7459300,202759,3.7,64.51,5.73,187
2020-08-24,23692460,872002,15337336,7483122,228200,3.68,64.74,5.69,187
2020-08-25,23937668,878565,15568885,7490218,245208,3.67,65.04,5.64,187
2020-08-26,24219359,885102,15794619,7539638,281691,3.65,65.21,5.6,187
2020-08-27,24506622,891317,16001856,7613449,287263,3.64,65.3,5.57,187
2020-08-28,24790561,897142,16200974,7692445,285287,3.62,65.35,5.54,187
2020-08-29,25051295,902930,16412387,7735978,260734,3.6,65.52,5.5,187
2020-08-30,25271033,907204,16622627,7741202,219738,3.59,65.78,5.46,187
2020-08-31,25535340,911637,16823417,7800286,264307,3.57,65.88,5.42,187
2020-09-01,25802224,918238,17081379,7802607,266884,3.56,66.2,5.38,187
2020-09-02,26084114,924555,17300616,7858943,281902,3.54,66.33,5.34,187
2020-09-03,26369544,930655,17521985,7916904,285430,3.53,66.45,5.31,187
2020-09-04,26671276,936495,17735486,7999295,301732,3.51,66.5,5.28,187
2020-09-05,26944997,941588,17936474,8066935,273721,3.49,66.57,5.25,187
2020-09-06,27173995,945723,18148265,8080007,228998,3.48,66.79,5.21,187
2020-09-07,27391278,955346,18345813,8090119,225236,3.49,66.98,5.21,187
2020-09-08,27637790,960469,18547610,8129711,246512,3.48,67.11,5.18,187
2020-09-09,27923100,966734,18787877,8168489,285310,3.46,67.28,5.15,187
2020-09-10,28227493,972736,19004538,8250219,304393,3.45,67.33,5.12,187
2020-09-11,28543855,978735,19228208,8336912,316362,3.43,67.36,5.09,187
2020-09-12,28832580,983793,19451142,8397645,288725,3.41,67.46,5.06,187
2020-09-13,29081415,987756,19638990,8454669,248835,3.4,67.53,5.03,187
2020-09-14,29348555,992363,19867489,8488703,267140,3.38,67.69,4.99,187
2020-09-15,29629107,998925,20093776,8536406,280552,3.37,67.82,4.97,187
2020-09-16,29934059,1004793,20323253,8606013,304952,3.36,67.89,4.94,187
2020-09-17,30249632,1010441,20543464,8695727,315573,3.34,67.91,4.92,187
2020-09-18,30576278,1016293,20794613,8765372,326646,3.32,68.01,4.89,187
2020-09-19,30869397,1021566,21031598,8816233,293119,3.31,68.13,4.86,187
2020-09-20,31124526,1025548,21268675,8830303,255129,3.29,68.33,4.82,187
2020-09-21,31384435,1029976,21514153,8840306,259909,3.28,68.55,4.79,187
2020-09-22,31668754,1036127,21733546,8899081,284319,3.27,68.63,4.77,187
2020-09-23,31980407,1042678,21996959,8940770,311653,3.26,68.78,4.74,187
2020-09-24,32301360,1048346,22252629,9000385,320953,3.25,68.89,4.71,187
2020-09-25,32631974,1054363,22491837,9085774,330614,3.23,68.93,4.69,187
2020-09-26,32918085,1059795,22753980,9104310,286111,3.22,69.12,4.66,187
2020-09-27,33165079,1063680,22967859,9133540,247086,3.21,69.25,4.63,187
2020-09-28,33426328,1067794,23190401,9168133,261249,3.19,69.38,4.6,187
2020-09-29,33709128,1073842,23431685,9203601,282800,3.19,69.51,4.58,187
2020-09-30,34033675,1080268,23679903,9273504,324547,3.17,69.58,4.56,187
2020-10-01,34352787,1089162,23901445,9362180,319112,3.17,69.58,4.56,187
2020-10-02,34682292,1094892,24073730,9513670,329505,3.16,69.41,4.55,187
2020-10-03,34979647,1099676,24329331,9550640,297355,3.14,69.55,4.52,187
2020-10-04,35240179,1103717,24551490,9584972,260532,3.13,69.67,4.5,187
2020-10-05,35551524,1110806,24788958,9651760,311345,3.12,69.73,4.48,187
2020-10-06,35867647,1116668,25021584,9729395,316123,3.11,69.76,4.46,187
2020-10-07,36216841,1122589,25276775,9817477,349194,3.1,69.79,4.44,187
2020-10-08,36576162,1128972,25496281,9950909,359321,3.09,69.71,4.43,187
2020-10-09,36936565,1135152,25703071,10098342,360403,3.07,69.59,4.42,187
2020-10-10,37292089,1140057,25898476,10253556,355524,3.06,69.45,4.4,187
2020-10-11,37581583,1144252,26121116,10316215,289495,3.04,69.51,4.38,187
2020-10-12,37871608,1148379,26321235,10401994,290025,3.03,69.5,4.36,188
2020-10-13,38190980,1153728,26513680,10523572,319372,3.02,69.42,4.35,188
2020-10-14,38571764,1159891,26725965,10685908,380784,3.01,69.29,4.34,188
2020-10-15,38978760,1166100,26933292,10879368,406996,2.99,69.1,4.33,188
2020-10-16,39389280,1172313,27136306,11080661,410520,2.98,68.89,4.32,188
2020-10-17,39761413,1178040,27334589,11248784,372133,2.96,68.75,4.31,188
2020-10-18,40092656,1181999,27536100,11374557,331243,2.95,68.68,4.29,188
2020-10-19,40467606,1186841,27738631,11542134,374950,2.93,68.55,4.28,188
2020-10-20,40856480,1193465,27950078,11712937,388874,2.92,68.41,4.27,188
2020-10-21,41296091,1200368,28161300,11934423,439611,2.91,68.19,4.26,188
2020-10-22,41778168,1206346,28388093,12183729,482077,2.89,67.95,4.25,188
2020-10-23,42272069,1213450,28594827,12463792,493901,2.87,67.64,4.24,188
2020-10-24,42728414,1219368,28806408,12702638,456345,2.85,67.42,4.23,188
2020-10-25,43087247,1223733,29003666,12859848,358833,2.84,67.31,4.22,188
2020-10-26,43570291,1229572,29242801,13097918,483044,2.82,67.12,4.2,188
2020-10-27,44038754,1236958,29832506,12969290,468464,2.81,67.74,4.15,188
2020-10-28,44560523,1244133,30098468,13217922,521769,2.79,67.55,4.13,189
2020-10-29,45111898,1251370,30345219,13515309,551375,2.77,67.27,4.12,189
2020-10-30,45683640,1259145,30600993,13823502,571742,2.76,66.98,4.11,189
2020-10-31,46155745,1265816,30845322,14044607,472105,2.74,66.83,4.1,189
2020-11-01,46594934,1271172,31103269,14220493,439189,2.73,66.75,4.09,189
2020-11-02,47143303,1277629,31383406,14482268,548369,2.71,66.57,4.07,189
2020-11-03,47708817,1287201,31634979,14786637,565514,2.7,66.31,4.07,189
2020-11-04,48200961,1297094,31914298,14989569,538265,2.69,66.21,4.06,189
2020-11-05,48820295,1305834,32217953,15296508,619335,2.67,65.99,4.05,189
2020-11-06,49443478,1314990,32506314,15622174,623183,2.66,65.74,4.05,189
2020-11-07,50042669,1322776,32805330,15914563,599191,2.64,65.55,4.03,189
2020-11-08,50533518,1329177,33058570,16145771,490849,2.63,65.42,4.02,189
2020-11-09,51043324,1336758,33315623,16390943,509806,2.62,65.27,4.01,189
2020-11-10,51614069,1346533,33572983,16694553,570745,2.61,65.05,4.01,190
2020-11-11,52238734,1356950,33953207,16928577,624665,2.6,65.0,4.0,190
2020-11-12,52878929,1366665,34179446,17332818,640195,2.58,64.64,4.0,190
2020-11-13,53539863,1376562,34481578,17681723,660934,2.57,64.4,3.99,190
2020-11-14,54126889,1385731,34759397,17981761,587026,2.56,64.22,3.99,190
2020-11-15,54617117,1392659,34990157,18234301,490228,2.55,64.06,3.98,190
2020-11-16,55142751,1400713,35380887,18361151,525634,2.54,64.16,3.96,190
2020-11-17,55745063,1411682,35814478,18518903,602312,2.53,64.25,3.94,190
2020-11-18,56367328,1423148,36177588,18766592,622265,2.52,64.18,3.93,191
2020-11-19,57021314,1434288,36551887,19035139,653986,2.52,64.1,3.92,191
2020-11-20,57695345,1446066,36907311,19341968,674031,2.51,63.97,3.92,191
2020-11-21,58287916,1455371,37246581,19585964,592571,2.5,63.9,3.91,191
2020-11-22,58785996,1463040,37520305,19802651,498080,2.49,63.83,3.9,191
2020-11-23,59320006,1471765,37931518,19916723,534010,2.48,63.94,3.88,191
2020-11-24,59910792,1484276,38303697,20122819,590786,2.48,63.93,3.88,191
2020-11-25,60527871,1496269,38741107,20290495,617079,2.47,64.01,3.86,191
2020-11-26,61117132,1507211,39107983,20501938,589261,2.47,63.99,3.85,191
2020-11-27,61812474,1518732,39489609,20804133,695342,2.46,63.89,3.85,191
2020-11-28,62420041,1528249,39849315,21042477,607567,2.45,63.84,3.84,191
2020-11-29,62915662,1535902,40167598,21212162,495621,2.44,63.84,3.82,191
2020-11-30,63422239,1544981,40569854,21307404,506577,2.44,63.97,3.81,191
2020-12-01,64037142,1557368,41046058,21433716,614903,2.43,64.1,3.79,191
2020-12-02,64677389,1569854,41508984,21598551,640247,2.43,64.18,3.78,191
2020-12-03,65367986,1582561,41935968,21849457,690597,2.42,64.15,3.77,191
2020-12-04,66064345,1594992,42426585,22042768,696359,2.41,64.22,3.76,191
2020-12-05,66706697,1605596,42862533,22238568,642352,2.41,64.26,3.75,191
2020-12-06,67250638,1613691,43178577,22458370,543941,2.4,64.21,3.74,191
2020-12-07,67785484,1622523,43591716,22571245,534846,2.39,64.31,3.72,191
2020-12-08,68416150,1634560,44032487,22749103,630666,2.39,64.36,3.71,191
2020-12-09,69081500,1647129,44458967,22975404,665350,2.38,64.36,3.7,191
2020-12-10,70576907,1659547,44950193,23967167,1495407,2.35,63.69,3.69,191
2020-12-11,71282658,1672729,45428333,24181596,705751,2.35,63.73,3.68,191
2020-12-12,71931348,1683558,46933276,23314514,648690,2.34,65.25,3.59,191
2020-12-13,72470142,1691787,47328395,23449960,538794,2.33,65.31,3.57,191
2020-12-14,73021298,1700981,41338398,29981919,551156,2.33,56.61,4.11,191
2020-12-15,73669919,1714204,41696562,30259153,648621,2.33,56.6,4.11,191
2020-12-16,74387461,1728111,42058782,30600568,717576,2.32,56.54,4.11,191
2020-12-17,75126063,1741277,42434191,30950595,738602,2.32,56.48,4.1,191
2020-12-18,75847501,1754342,42751919,31341240,721438,2.31,56.37,4.1,191
2020-12-19,76483006,1765600,43103505,31613901,635505,2.31,56.36,4.1,191
2020-12-20,77030307,1773979,43380334,31875994,547301,2.3,56.32,4.09,191
2020-12-21,77576529,1783464,43723554,32069511,546222,2.3,56.36,4.08,191
2020-12-22,78227986,1797308,44086739,32343939,651457,2.3,56.36,4.08,191
2020-12-23,78910081,1811049,44410879,32688153,682095,2.3,56.28,4.08,191
2020-12-24,79603472,1823258,44725551,33054663,693391,2.29,56.19,4.08,191
2020-12-25,80096696,1831882,45017157,33247657,493224,2.29,56.2,4.07,191
2020-12-26,80629340,1840235,45425321,33363784,532644,2.28,56.34,4.05,191
2020-12-27,81042534,1848389,45717709,33476436,413194,2.28,56.41,4.04,191
2020-12-28,81541719,1857935,46016135,33667649,499185,2.28,56.43,4.04,191
2020-12-29,82213594,1872872,46369230,33971492,671875,2.28,56.4,4.04,191
2020-12-30,82938894,1888314,46757475,34293105,725300,2.28,56.38,4.04,191
2020-12-31,83778622,1901777,47055807,34821038,839728,2.27,56.17,4.04,191
2021-01-01,84342314,1911418,47359111,35071785,563692,2.27,56.15,4.04,191
2021-01-02,84946690,1920880,47614296,35411514,604376,2.26,56.05,4.03,191
2021-01-03,85467020,1928820,47882778,35655422,520330,2.26,56.02,4.03,191
2021-01-04,86024461,1938770,48173186,35912505,557441,2.25,56.0,4.02,191
2021-01-05,86765351,1954189,48488547,36322615,740890,2.25,55.88,4.03,191
2021-01-06,87556264,1969110,48801672,36785482,790913,2.25,55.74,4.03,191
2021-01-07,88426222,1984073,49125603,37316546,869958,2.24,55.56,4.04,191
2021-01-08,89261637,1999363,49422866,37839408,835415,2.24,55.37,4.05,191
2021-01-09,90017904,2012679,49753111,38252114,756267,2.24,55.27,4.05,191
2021-01-10,90619443,2022236,50023661,38573546,601539,2.23,55.2,4.04,191
2021-01-11,91233917,2032515,50313949,38887453,614474,2.23,55.15,4.04,191
2021-01-12,91926453,2049477,50657506,39219470,692536,2.23,55.11,4.05,191
2021-01-13,92669726,2065943,51023567,39580216,743273,2.23,55.06,4.05,191
2021-01-14,93428784,2081663,51396412,39950709,759058,2.23,55.01,4.05,191
2021-01-15,94212637,2097380,51717034,40398223,783853,2.23,54.89,4.06,191
2021-01-16,94869509,2111413,52034089,40724007,656872,2.23,54.85,4.06,191
2021-01-17,95397119,2121283,52349804,40926032,527610,2.22,54.88,4.05,191
2021-01-18,95914366,2131731,52668557,41114078,517248,2.22,54.91,4.05,191
2021-01-19,96507148,2147411,53071501,41288236,592782,2.23,54.99,4.05,191
2021-01-20,97194354,2165160,53399272,41629922,687206,2.23,54.94,4.05,191
2021-01-21,97863110,2182453,53765411,41915246,668756,2.23,54.94,4.06,192
2021-01-22,98526596,2198512,54147168,42180916,663486,2.23,54.96,4.06,192
2021-01-23,99103312,2213077,54463661,42426574,576716,2.23,54.96,4.06,192
2021-01-24,99565294,2222839,54774618,42567837,461982,2.23,55.01,4.06,192
2021-01-25,100046846,2233981,55089059,42723806,481552,2.23,55.06,4.06,192
2021-01-26,100608158,2251396,55418602,42938160,561312,2.24,55.08,4.06,192
2021-01-27,101209122,2268312,55759371,43181439,600964,2.24,55.09,4.07,192
2021-01-28,101824237,2284838,56075030,43464369,615115,2.24,55.07,4.07,192
2021-01-29,102413219,2300601,56439137,43673481,588984,2.25,55.11,4.08,192
2021-01-30,102928083,2313886,56790303,43823894,514864,2.25,55.17,4.07,192
2021-01-31,103324692,2323435,57079202,43922055,396609,2.25,55.24,4.07,192
2021-02-01,103767694,2333683,57351844,44082167,443002,2.25,55.27,4.07,192
2021-02-02,104233148,2348540,57702034,44182574,465454,2.25,55.36,4.07,192
2021-02-03,104758397,2364399,58031881,44362117,525249,2.26,55.4,4.07,192
2021-02-04,105230171,2377326,58325870,44526975,471774,2.26,55.43,4.08,192
2021-02-05,105766676,2394507,58607157,44765012,536505,2.26,55.41,4.09,192
2021-02-06,106201874,2406362,58901714,44893798,435198,2.27,55.46,4.09,192
2021-02-07,106553422,2414130,59179149,44960143,351548,2.27,55.54,4.08,192
2021-02-08,106893339,2423690,59411983,45057666,339918,2.27,55.58,4.08,192
2021-02-09,107300629,2438420,59783591,45078618,407290,2.27,55.72,4.08,192
2021-02-10,107741093,2452277,60052899,45235917,440464,2.28,55.74,4.08,192
2021-02-11,108184860,2466147,60328984,45389729,443767,2.28,55.76,4.09,192
2021-02-12,108614449,2479026,60616583,45518840,429589,2.28,55.81,4.09,192
2021-02-13,108994937,2489712,60862826,45642399,380488,2.28,55.84,4.09,192
2021-02-14,109303582,2496818,61058257,45748507,308645,2.28,55.86,4.09,192
2021-02-15,109584404,2504635,61346870,45732899,280822,2.29,55.98,4.08,192
2021-02-16,109944197,2515738,61582275,45846184,359793,2.29,56.01,4.09,192
2021-02-17,110330576,2527093,61876216,45927267,386379,2.29,56.08,4.08,192
2021-02-18,110741376,2539082,62112834,46089460,410800,2.29,56.09,4.09,192
2021-02-19,111151038,2550740,62347470,46252828,409662,2.29,56.09,4.09,192
2021-02-20,111526248,2559836,62616686,46349726,375210,2.3,56.15,4.09,192
2021-02-21,111845811,2566627,62833943,46445241,319563,2.29,56.18,4.08,192
2021-02-22,112141380,2573874,63016513,46550993,295569,2.3,56.19,4.08,192
2021-02-23,112534122,2585355,63295143,46653624,392742,2.3,56.25,4.08,192
2021-02-24,112979052,2597797,63504602,46876653,444930,2.3,56.21,4.09,192
2021-02-25,113432016,2608800,63732294,47090922,452964,2.3,56.19,4.09,192
2021-02-26,113873956,2619349,63992562,47262045,441940,2.3,56.2,4.09,192
2021-02-27,114270693,2628079,64243284,47399330,396737,2.3,56.22,4.09,192
2021-02-28,114578478,2634579,64418461,47525438,307785,2.3,56.22,4.09,192
2021-03-01,114883979,2642087,64633387,47608505,305501,2.3,56.26,4.09,192
2021-03-02,115197242,2652344,64903491,47641407,387610,2.3,56.34,4.09,192
2021-03-03,115639088,2663901,65132899,47842288,441846,2.3,56.32,4.09,192
2021-03-04,116097496,2674306,65383179,48040011,458408,2.3,56.32,4.09,192
2021-03-05,116546593,2684847,65609539,48252207,449097,2.3,56.29,4.09,192
2021-03-06,116960620,2693104,65846042,48421474,414027,2.3,56.3,4.09,192
2021-03-07,117335064,2699185,66084362,48551517,374444,2.3,56.32,4.08,192
2021-03-08,117640533,2706378,66358920,48575235,305469,2.3,56.41,4.08,192
2021-03-09,118054577,2716871,66621153,48716553,414044,2.3,56.43,4.08,192
2021-03-10,118513444,2727028,66856509,48929907,458867,2.3,56.41,4.08,192
2021-03-11,119003124,2737241,67129126,49136757,489680,2.3,56.41,4.08,192
2021-03-12,119492372,2747105,67397682,49347585,489248,2.3,56.4,4.08,192
2021-03-13,119947968,2755757,67650214,49541997,455596,2.3,56.4,4.07,192
2021-03-14,120313043,2761748,67895902,49655393,365075,2.3,56.43,4.07,192
2021-03-15,120667127,2769255,68185781,49712091,354084,2.29,56.51,4.06,192
2021-03-16,121134161,2779868,68452266,49902027,467034,2.29,56.51,4.06,192
2021-03-17,121679877,2790458,68716802,50172617,545716,2.29,56.47,4.06,192
2021-03-18,122227806,2801179,68985878,50440749,547929,2.29,56.44,4.06,192
2021-03-19,122790345,2811995,69264939,50713411,562539,2.29,56.41,4.06,192
2021-03-20,123288792,2820738,69523150,50944904,498447,2.29,56.39,4.06,192
2021-03-21,123729261,2829290,69803249,51096722,440469,2.29,56.42,4.05,192
2021-03-22,124150452,2837256,70137878,51175318,423405,2.29,56.49,4.05,192
2021-03-23,124656291,2848741,70451020,51356530,505839,2.29,56.52,4.04,192
2021-03-24,125285990,2859349,70786662,51639979,631700,2.28,56.5,4.04,192
2021-03-25,125938183,2870902,71098479,51968802,652193,2.28,56.46,4.04,192
2021-03-26,126578225,2883671,71463065,52231489,640042,2.28,56.46,4.04,192
2021-03-27,127162758,2893881,71768318,52500559,584533,2.28,56.44,4.03,192
2021-03-28,127655412,2901166,72097106,52657140,492654,2.27,56.48,4.02,192
2021-03-29,128114688,2909829,72401542,52803317,459276,2.27,56.51,4.02,192
2021-03-30,128676894,2921730,72736785,53018379,562206,2.27,56.53,4.02,192
2021-03-31,129350790,2934661,73119294,53296835,673896,2.27,56.53,4.01,192
2021-04-01,130060609,2946963,73464080,53649566,709819,2.27,56.48,4.01,192
2021-04-02,130705394,2957615,73784287,53963492,644785,2.26,56.45,4.01,192
2021-04-03,131245744,2966954,74150288,54128502,540350,2.26,56.5,4.0,192
2021-04-04,131805666,2974382,74498476,54332808,559922,2.26,56.52,3.99,192
2021-04-05,132302655,2982636,74846289,54473730,496989,2.25,56.57,3.99,192
2021-04-06,132910149,2995089,75216285,54698775,607494,2.25,56.59,3.98,192
2021-04-07,133573288,3010448,75699590,54863250,663139,2.25,56.67,3.98,192
2021-04-08,134409344,3024749,76094849,55289746,836056,2.25,56.61,3.97,192
2021-04-09,135156662,3039094,76548562,55569006,752105,2.25,56.64,3.97,192
2021-04-10,135827306,3052100,76933556,55841650,670644,2.25,56.64,3.97,192
2021-04-11,136536918,3061223,77464028,56011667,709612,2.24,56.73,3.95,192
2021-04-12,137150764,3071131,77858760,56220873,613846,2.24,56.77,3.94,192
2021-04-13,137914588,3084925,78345222,56484441,763824,2.24,56.81,3.94,192
2021-04-14,138725902,3099015,78792112,56834775,811314,2.23,56.8,3.93,192
2021-04-15,139547133,3112671,79236514,57197948,821231,2.23,56.78,3.93,192
2021-04-16,140406983,3126051,79740631,57540301,859850,2.23,56.79,3.92,192
2021-04-17,141200970,3138668,80259167,57803135,794040,2.22,56.84,3.91,192
2021-04-18,141901080,3147807,80839358,57913915,700110,2.22,56.97,3.89,192
2021-04-19,142592012,3158941,81374733,58058338,690932,2.22,57.07,3.88,192
2021-04-20,143431609,3173235,81979570,58278804,839597,2.21,57.16,3.87,192
2021-04-21,144320851,3187988,82491870,58640993,889242,2.21,57.16,3.86,192
2021-04-22,145220252,3201909,83128166,58890177,899401,2.2,57.24,3.85,192
2021-04-23,146127911,3217170,83767998,59142743,907659,2.2,57.33,3.84,192
2021-04-24,146952141,3230302,84344289,59377550,824230,2.2,57.4,3.83,192
2021-04-25,147680627,3241075,84878103,59561449,728486,2.19,57.47,3.82,192
2021-04-26,148369677,3252705,85565469,59551503,689050,2.19,57.67,3.8,192
2021-04-27,149208799,3267706,86246373,59694720,839122,2.19,57.8,3.79,192
2021-04-28,150107590,3283651,86843038,59980901,898791,2.19,57.85,3.78,192
2021-04-29,151001625,3299390,87550354,60151881,894035,2.19,57.98,3.77,192
2021-04-30,151892994,3313809,88236950,60342235,891369,2.18,58.09,3.76,192
2021-05-01,152687904,3326848,88919400,60441656,794910,2.18,58.24,3.74,192
2021-05-02,153375175,3337179,89612414,60425582,687271,2.18,58.43,3.72,192
2021-05-03,154065632,3348864,90255903,60460865,690457,2.17,58.58,3.71,192
2021-05-04,154850588,3362923,90912803,60574862,784956,2.17,58.71,3.7,192
2021-05-05,155692589,3377827,91626285,60688477,842001,2.17,58.85,3.69,192
2021-05-06,156565435,3392403,92301897,60871135,872846,2.17,58.95,3.68,192
2021-05-07,157400261,3406868,92998026,60995367,834826,2.16,59.08,3.66,192
2021-05-08,158188559,3420197,93709031,61059331,788298,2.16,59.24,3.65,192
2021-05-09,158837968,3430671,94371824,61035473,649410,2.16,59.41,3.64,192
2021-05-10,159463612,3441763,95000510,61021339,625644,2.16,59.58,3.62,192
2021-05-11,160189411,3455934,95751514,60981963,725816,2.16,59.77,3.61,192
2021-05-12,160956898,3470075,96399063,61087760,767487,2.16,59.89,3.6,192
2021-05-13,161691597,3483510,97089180,61118907,734699,2.15,60.05,3.59,192
2021-05-14,162401162,3496538,97754527,61150097,709565,2.15,60.19,3.58,192
2021-05-15,163032774,3508823,98397064,61126887,631612,2.15,60.35,3.57,192
2021-05-16,163579396,3519124,99064468,60995804,546622,2.15,60.56,3.55,192
2021-05-17,164122938,3530454,99808930,60783554,543542,2.15,60.81,3.54,192
2021-05-18,164742576,3544530,100552043,60646003,622000,2.15,61.04,3.53,193
2021-05-19,165414621,3557987,101250070,60606564,672045,2.15,61.21,3.51,193
2021-05-20,165696927,3571167,101886759,60239001,631146,2.16,61.49,3.51,193
2021-05-21,166323402,3584143,102501547,60237712,626475,2.15,61.63,3.5,193
2021-05-22,166895763,3595588,103118308,60181867,572361,2.15,61.79,3.49,193
2021-05-23,167377386,3605452,103620279,60151655,481623,2.15,61.91,3.48,193
2021-05-24,167828464,3614598,104247871,59965995,451078,2.15,62.12,3.47,193
2021-05-25,168361871,3627580,104824934,59909357,533407,2.15,62.26,3.46,193
2021-05-26,168930299,3640387,105380747,59909165,568428,2.15,62.38,3.45,193
2021-05-27,169477196,3653327,106078105,59745764,546897,2.16,62.59,3.44,193
2021-05-28,169982707,3665348,106633068,59684291,505511,2.16,62.73,3.44,193
2021-05-29,170463127,3676155,107140668,59646304,480420,2.16,62.85,3.43,193
2021-05-30,170853074,3684555,107630597,59537922,389947,2.16,63.0,3.42,193
2021-05-31,171240130,3693252,108159766,59387112,387056,2.16,63.16,3.41,193
2021-06-01,171700134,3708466,108743649,59248019,460004,2.16,63.33,3.41,193
2021-06-02,172187762,3720392,109272023,59195347,487628,2.16,63.46,3.4,193
2021-06-03,172668261,3730550,109701213,59236498,480499,2.16,63.53,3.4,193
2021-06-04,173093152,3741209,110226715,59125228,424891,2.16,63.68,3.39,193
2021-06-05,173489803,3750622,110704845,59034336,396651,2.16,63.81,3.39,193
2021-06-06,173812784,3757928,111146371,58908485,322981,2.16,63.95,3.38,193
2021-06-07,174134551,3766003,111568368,58800180,321767,2.16,64.07,3.38,193
2021-06-08,174504668,3776657,111983104,58744907,370117,2.16,64.17,3.37,193
2021-06-09,174922960,3786840,112435799,58700321,418292,2.16,64.28,3.37,193
2021-06-10,175376464,3802820,112849488,58724156,453504,2.17,64.35,3.37,193
2021-06-11,175798501,3814560,113225020,58758921,422037,2.17,64.41,3.37,193
2021-06-12,176166881,3824370,113563994,58778517,368380,2.17,64.46,3.37,193
2021-06-13,176469682,3833641,113993655,58642386,302801,2.17,64.6,3.36,193
2021-06-14,176778984,3841632,114340429,58596923,309302,2.17,64.68,3.36,193
2021-06-15,177153741,3852383,114800574,58500784,374757,2.17,64.8,3.36,193
2021-06-16,177542916,3862466,115149801,58530649,389175,2.18,64.86,3.35,193
2021-06-17,177938911,3871765,115530279,58536867,395995,2.18,64.93,3.35,193
2021-06-18,178342418,3880958,115849842,58611618,403507,2.18,64.96,3.35,193
2021-06-19,178689716,3889039,116181692,58618985,347298,2.18,65.02,3.35,194
2021-06-20,178994480,3895907,116446786,58651787,304764,2.18,65.06,3.35,194
2021-06-21,179291135,3902891,116804004,58584240,296655,2.18,65.15,3.34,194
2021-06-22,179701349,3911876,117107408,58682065,410214,2.18,65.17,3.34,194
2021-06-23,180097972,3921222,117507151,58669599,396623,2.18,65.25,3.34,194
2021-06-24,180507231,3929883,117796862,58780486,409259,2.18,65.26,3.34,194
2021-06-25,180924899,3939117,118125509,58860273,417668,2.18,65.29,3.33,194
2021-06-26,181287796,3946659,118420068,58921069,362897,2.18,65.32,3.33,194
2021-06-27,181599032,3952754,118678807,58967471,311236,2.18,65.35,3.33,194
2021-06-28,181932050,3959315,119006263,58966472,333018,2.18,65.41,3.33,194
2021-06-29,182313258,3967474,119299679,59046105,381208,2.18,65.44,3.33,194
2021-06-30,182712726,3976679,119580620,59155427,399491,2.18,65.45,3.33,194
2021-07-01,183148268,3985220,120008476,59154572,435542,2.18,65.53,3.32,194
2021-07-02,183590610,3993596,120299518,59297496,442342,2.18,65.53,3.32,194
2021-07-03,183964437,4000499,120569293,59394645,373827,2.17,65.54,3.32,194
2021-07-04,184292181,4007139,120868181,59416861,327744,2.17,65.59,3.32,194
2021-07-05,184670098,4014530,121235174,59420394,377917,2.17,65.65,3.31,194
2021-07-06,185120629,4023012,121563017,59534600,450531,2.17,65.67,3.31,194
2021-07-07,185585871,4031566,121831180,59723125,465242,2.17,65.65,3.31,194
2021-07-08,186067750,4040486,122123831,59903433,481879,2.17,65.63,3.31,194
2021-07-09,186580986,4048903,122462949,60069134,513236,2.17,65.64,3.31,194
2021-07-10,187002099,4055467,122907153,60039479,421113,2.17,65.73,3.3,194
2021-07-11,187371991,4063098,123197639,60111254,369892,2.17,65.75,3.3,194
2021-07-12,187806155,4071240,123499875,60235040,434164,2.17,65.76,3.3,194
2021-07-13,188331814,4079621,123783322,60468871,525659,2.17,65.73,3.3,194
2021-07-14,188869796,4088212,124113063,60668521,537982,2.16,65.71,3.29,194
2021-07-15,189446223,4096847,124394119,60955257,576427,2.16,65.66,3.29,194
2021-07-16,190042161,4105608,124784824,61151729,595938,2.16,65.66,3.29,194
2021-07-17,190531011,4113118,125065613,61352280,488850,2.16,65.64,3.29,194
2021-07-18,190951220,4119721,125382096,61449403,420209,2.16,65.66,3.29,194
2021-07-19,191440687,4126947,125688817,61624923,489467,2.16,65.65,3.28,194
2021-07-20,191973106,4147646,126008997,61816463,532419,2.16,65.64,3.29,194
2021-07-21,192529214,4156313,126315580,62057321,556108,2.16,65.61,3.29,194
2021-07-22,193094403,4165094,126671708,62257601,565189,2.16,65.6,3.29,194
2021-07-23,193822543,4173425,126918098,62731020,728140,2.15,65.48,3.29,194
2021-07-24,194254462,4182089,127435324,62637049,491294,2.15,65.6,3.28,194
2021-07-25,194700076,4189471,127762741,62747864,445614,2.15,65.62,3.28,194
2021-07-26,195240703,4197977,128063201,62979525,540627,2.15,65.59,3.28,194
2021-07-27,195847033,4207766,128409040,63230227,606330,2.15,65.57,3.28,194
2021-07-28,196497116,4217888,128745703,63533525,650083,2.15,65.52,3.28,194
2021-07-29,197139985,4228154,129094091,63817740,642869,2.14,65.48,3.28,194
2021-07-30,197872339,4237757,129401282,64233300,732354,2.14,65.4,3.27,194
2021-07-31,198389684,4246601,129705211,64437872,517345,2.14,65.38,3.27,194
2021-08-01,198872752,4254020,129994389,64624343,483068,2.14,65.37,3.27,194
2021-08-02,199443855,4262171,130277533,64904151,571103,2.14,65.32,3.27,194
2021-08-03,200078130,4272524,130582001,65223605,634275,2.14,65.27,3.27,194
2021-08-04,200758588,4283016,130899061,65576511,680458,2.13,65.2,3.27,194
2021-08-05,201444210,4294008,0,197150202,685622,2.13,0.0,inf,194
2021-08-06,202263736,4304479,0,197959257,819526,2.13,0.0,inf,194
2021-08-07,202825005,4313156,0,198511849,561269,2.13,0.0,inf,194
2021-08-08,203292722,4320653,0,198972069,467717,2.13,0.0,inf,194
2021-08-09,203911805,4329483,0,199582322,619083,2.12,0.0,inf,194
2021-08-10,204557617,4341001,0,200216616,645812,2.12,0.0,inf,194
2021-08-11,205288310,4351528,0,200936782,730693,2.12,0.0,inf,194
2021-08-12,205994052,4362040,0,201632012,705742,2.12,0.0,inf,194
2021-08-13,206795847,4372514,0,202423333,801795,2.11,0.0,inf,194
2021-08-14,207348758,4381256,0,202967502,552911,2.11,0.0,inf,194
2021-08-15,207815449,4388700,0,203426749,466691,2.11,0.0,inf,194
2021-08-16,208479793,4398564,0,204081229,664344,2.11,0.0,inf,194
2021-08-17,209162480,4409274,0,204753206,682687,2.11,0.0,inf,194
2021-08-18,209898123,4420094,0,205478029,735643,2.11,0.0,inf,194
2021-08-19,210609857,4431541,0,206178316,711734,2.1,0.0,inf,194
2021-08-20,211395070,4442035,0,206953035,785213,2.1,0.0,inf,194
2021-08-21,211954124,4450955,0,207503169,559054,2.1,0.0,inf,194
2021-08-22,212402204,4458738,0,207943466,448080,2.1,0.0,inf,195
2021-08-23,213086398,4468791,0,208617607,684194,2.1,0.0,inf,195
2021-08-24,213763171,4479815,0,209283356,676773,2.1,0.0,inf,195
2021-08-25,214500582,4491128,0,210009454,737411,2.09,0.0,inf,195
2021-08-26,215237031,4502719,0,210734312,736449,2.09,0.0,inf,195
2021-08-27,215988154,4513136,0,211475018,751123,2.09,0.0,inf,195
2021-08-28,216545334,4521572,0,212023762,557180,2.09,0.0,inf,195
2021-08-29,216992164,4528394,0,212463770,446830,2.09,0.0,inf,195
2021-08-30,217664015,4537965,0,213126050,671851,2.08,0.0,inf,195
2021-08-31,218284677,4547280,0,213737397,620662,2.08,0.0,inf,195
2021-09-01,219003757,4559705,0,214444052,719080,2.08,0.0,inf,195
2021-09-02,219680532,4570959,0,215109573,678482,2.08,0.0,inf,195
2021-09-03,220404105,4581684,0,215822421,723573,2.08,0.0,inf,195
2021-09-04,220900816,4589458,0,216311358,496711,2.08,0.0,inf,195
2021-09-05,221347788,4596034,0,216751754,446972,2.08,0.0,inf,195
2021-09-06,221825561,4604204,0,217221357,477786,2.08,0.0,inf,195
2021-09-07,222482051,4614669,0,217867382,656490,2.07,0.0,inf,195
2021-09-08,223119762,4624746,0,218495016,637711,2.07,0.0,inf,195
2021-09-09,223759907,4635493,0,219124414,640145,2.07,0.0,inf,195
2021-09-10,224418618,4644672,0,219773946,658711,2.07,0.0,inf,195
2021-09-11,224887140,4653045,0,220234095,468522,2.07,0.0,inf,195
2021-09-12,225258543,4658713,0,220599830,371403,2.07,0.0,inf,195
2021-09-13,225836445,4667871,0,221168574,577902,2.07,0.0,inf,195
2021-09-14,226386274,4677775,0,221708499,549829,2.07,0.0,inf,195
2021-09-15,226953125,4688201,0,222264924,568027,2.07,0.0,inf,195
2021-09-16,227540479,4698716,0,222841763,587354,2.07,0.0,inf,195
2021-09-17,228163698,4707779,0,223455919,623219,2.06,0.0,inf,195
2021-09-18,228687569,4714262,0,223973307,523871,2.06,0.0,inf,195
2021-09-19,229050966,4720360,0,224330606,363397,2.06,0.0,inf,195
2021-09-20,229581157,4728733,0,224852424,530191,2.06,0.0,inf,195
2021-09-21,230069837,4738088,0,225331749,488680,2.06,0.0,inf,195
2021-09-22,230604815,4747809,0,225857006,534978,2.06,0.0,inf,195
2021-09-23,231152445,4757656,0,226394789,547630,2.06,0.0,inf,195
2021-09-24,231701691,4766356,0,226935335,549246,2.06,0.0,inf,195
2021-09-25,232075693,4771829,0,227303864,374125,2.06,0.0,inf,195
2021-09-26,232431512,4777361,0,227654151,355819,2.06,0.0,inf,195
2021-09-27,232914281,4785135,0,228129146,482769,2.05,0.0,inf,195
2021-09-28,233365258,4794511,0,228570747,450977,2.05,0.0,inf,195
2021-09-29,233856235,4803804,0,229052431,490977,2.05,0.0,inf,195
2021-09-30,234346132,4812680,0,229533452,489897,2.05,0.0,inf,195
2021-10-01,234868134,4821315,0,230046819,522002,2.05,0.0,inf,195
2021-10-02,235218776,4827259,0,230391517,350642,2.05,0.0,inf,195
2021-10-03,235527819,4831615,0,230696204,309043,2.05,0.0,inf,195
2021-10-04,235974883,4838855,0,231136028,447064,2.05,0.0,inf,195
2021-10-05,236397732,4846217,0,231551515,422849,2.05,0.0,inf,195
2021-10-06,236904785,4855353,0,232049432,507053,2.05,0.0,inf,195
2021-10-07,237366619,4864310,0,232502309,461834,2.05,0.0,inf,195
2021-10-08,237842039,4871872,0,232970167,475420,2.05,0.0,inf,195
2021-10-09,238182243,4876698,0,233305545,340204,2.05,0.0,inf,195
2021-10-10,238498696,4881452,0,233617244,316453,2.05,0.0,inf,195
2021-10-11,238886684,4887418,0,233999266,387988,2.05,0.0,inf,195
2021-10-12,239324892,4895389,0,234429503,438208,2.05,0.0,inf,195
2021-10-13,239781314,4904291,0,234877023,456422,2.05,0.0,inf,195
2021-10-14,240234710,4912300,0,235322410,454492,2.04,0.0,inf,195
2021-10-15,240692696,4919505,0,235773191,457986,2.04,0.0,inf,195
2021-10-16,241034054,4924851,0,236109203,341358,2.04,0.0,inf,195
2021-10-17,241347355,4929210,0,236418145,313301,2.04,0.0,inf,195
2021-10-18,241775141,4935809,0,236839332,427786,2.04,0.0,inf,195
2021-10-19,242206709,4943758,0,237262951,431568,2.04,0.0,inf,195
2021-10-20,242683018,4952429,0,237730589,476309,2.04,0.0,inf,195
2021-10-21,243145068,4960196,0,238184872,462050,2.04,0.0,inf,195
2021-10-22,243637892,4968369,0,238669523,492824,2.04,0.0,inf,195
2021-10-23,244008150,4974256,0,239033894,370258,2.04,0.0,inf,195
2021-10-24,244317353,4978899,0,239338454,309203,2.04,0.0,inf,195
2021-10-25,244769753,4985790,0,239783963,452400,2.04,0.0,inf,195
2021-10-26,245196224,4993535,0,240202689,426471,2.04,0.0,inf,195
2021-10-27,245710221,5002670,0,240707551,513997,2.04,0.0,inf,195
2021-10-28,246193247,5011607,0,241181640,483026,2.04,0.0,inf,195
2021-10-29,246687330,5019428,0,241667902,494083,2.03,0.0,inf,196
2021-10-30,247061943,5025432,0,242036511,374613,2.03,0.0,inf,196
2021-10-31,247410790,5030069,0,242380721,348847,2.03,0.0,inf,196
2021-11-01,247868435,5036555,0,242831880,457645,2.03,0.0,inf,196
2021-11-02,248272884,5043629,0,243229255,404449,2.03,0.0,inf,196
2021-11-03,248797676,5052089,0,243745587,524792,2.03,0.0,inf,196
2021-11-04,249315133,5059658,0,244255475,517457,2.03,0.0,inf,196
2021-11-05,249839415,5068238,0,244771177,524282,2.03,0.0,inf,196
2021-11-06,250245164,5074885,0,245170279,405749,2.03,0.0,inf,196
2021-11-07,250585863,5079504,0,245506359,340699,2.03,0.0,inf,196
2021-11-08,251110911,5086314,0,246024597,525048,2.03,0.0,inf,196
2021-11-09,251580325,5094315,0,246486010,469414,2.02,0.0,inf,196
2021-11-10,252153854,5102578,0,247051276,573577,2.02,0.0,inf,196
2021-11-11,252674737,5110254,0,247564483,521290,2.02,0.0,inf,196
2021-11-12,253274490,5119251,0,248155239,599753,2.02,0.0,inf,196
2021-11-13,253670214,5125542,0,248544672,395724,2.02,0.0,inf,196
2021-11-14,254018493,5130270,0,248888223,348279,2.02,0.0,inf,196
2021-11-15,254620079,5137386,0,249482693,601586,2.02,0.0,inf,196
2021-11-16,255126904,5144998,0,249981906,506825,2.02,0.0,inf,196
2021-11-17,255742113,5154150,0,250587963,615209,2.02,0.0,inf,196
2021-11-18,256363770,5162439,0,251201331,621657,2.01,0.0,inf,196
2021-11-19,256978407,5170412,0,251807995,614637,2.01,0.0,inf,196
2021-11-20,257416423,5176440,0,252239983,438016,2.01,0.0,inf,196
2021-11-21,257796215,5181079,0,252615136,379792,2.01,0.0,inf,196
2021-11-22,258500870,5188530,0,253312340,704655,2.01,0.0,inf,196
2021-11-23,259093463,5196540,0,253896923,593742,2.01,0.0,inf,196
2021-11-24,259751368,5205110,0,254546258,657905,2.0,0.0,inf,196
2021-11-25,260348589,5212967,0,255135622,597221,2.0,0.0,inf,196
2021-11-26,260962280,5219862,0,255742418,613691,2.0,0.0,inf,196
2021-11-27,261381085,5225727,0,256155358,418805,2.0,0.0,inf,196
2021-11-28,261770875,5230630,0,256540245,389790,2.0,0.0,inf,196
2021-11-29,262513214,5238554,0,257274660,742339,2.0,0.0,inf,196
2021-11-30,263113681,5246577,0,257867104,600467,1.99,0.0,inf,196
2021-12-01,263816145,5255817,0,258560328,702464,1.99,0.0,inf,196
2021-12-02,264523382,5265978,0,259257404,707237,1.99,0.0,inf,196
2021-12-03,265254220,5274569,0,259979651,730838,1.99,0.0,inf,196
2021-12-04,265726430,5280087,0,260446343,472210,1.99,0.0,inf,196
2021-12-05,266146231,5287507,0,260858724,419801,1.99,0.0,inf,196
2021-12-06,266849953,5294966,0,261554987,703756,1.98,0.0,inf,196
2021-12-07,267489200,5302689,0,262186511,639247,1.98,0.0,inf,196
2021-12-08,268200544,5310986,0,262889558,711344,1.98,0.0,inf,196
2021-12-09,268898928,5319552,0,263579376,698384,1.98,0.0,inf,196
2021-12-10,269592462,5327568,0,264264894,693566,1.98,0.0,inf,196
2021-12-11,270059366,5333403,0,264725963,466987,1.97,0.0,inf,196
2021-12-12,270485916,5337997,0,265147919,426550,1.97,0.0,inf,196
2021-12-13,271179799,5344930,0,265834869,693888,1.97,0.0,inf,196
2021-12-14,271816596,5352663,0,266463933,636797,1.97,0.0,inf,197
2021-12-15,272556770,5361688,0,267195082,740174,1.97,0.0,inf,197
2021-12-16,273300997,5369034,0,267931963,744227,1.96,0.0,inf,197
2021-12-17,274068563,5376334,0,268692229,767566,1.96,0.0,inf,197
2021-12-18,274598505,5382005,0,269216500,529942,1.96,0.0,inf,197
2021-12-19,275083461,5386352,0,269697109,484956,1.96,0.0,inf,197
2021-12-20,275893527,5393631,0,270499896,810066,1.95,0.0,inf,197
2021-12-21,276652188,5401189,0,271250999,758703,1.95,0.0,inf,197
2021-12-22,277566671,5411559,0,272155112,914524,1.95,0.0,inf,197
2021-12-23,278578699,5418816,0,273159883,1012028,1.95,0.0,inf,197
2021-12-24,279434799,5424511,0,274010288,856129,1.94,0.0,inf,197
2021-12-25,280116791,5428824,0,274687967,681992,1.94,0.0,inf,197
2021-12-26,280692270,5432656,0,275259614,575506,1.94,0.0,inf,197
2021-12-27,282033889,5439626,0,276594263,1341619,1.93,0.0,inf,197
2021-12-28,283370260,5447300,0,277922960,1336371,1.92,0.0,inf,197
2021-12-29,285075127,5455241,0,279619886,1704867,1.91,0.0,inf,197
2021-12-30,287025253,5462660,0,281562593,1950126,1.9,0.0,inf,197
2021-12-31,288728291,5469019,0,283259272,1703038,1.89,0.0,inf,197
2022-01-01,289931428,5473282,0,284458146,1203137,1.89,0.0,inf,197
2022-01-02,290849939,5476678,0,285373261,918511,1.88,0.0,inf,197
2022-01-03,293188320,5482492,0,287705828,2338387,1.87,0.0,inf,197
2022-01-04,295801747,5491173,0,290310574,2613427,1.86,0.0,inf,197
2022-01-05,298385756,5498943,0,292886813,2584009,1.84,0.0,inf,197
2022-01-06,301054978,5506555,0,295548423,2669222,1.83,0.0,inf,197
2022-01-07,304008616,5513806,0,298494810,2953638,1.81,0.0,inf,197
2022-01-08,306145200,5519014,0,300626186,2136584,1.8,0.0,inf,197
2022-01-09,308150282,5523075,0,302627207,2005082,1.79,0.0,inf,197
2022-01-10,311401997,5529985,0,305872012,3251715,1.78,0.0,inf,197
2022-01-11,314432404,5539088,0,308893316,3030410,1.76,0.0,inf,197
2022-01-12,317879058,5548116,0,312330942,3446654,1.75,0.0,inf,197
2022-01-13,321066163,5556348,0,315509815,3187105,1.73,0.0,inf,197
2022-01-14,324382616,5564318,0,318818298,3316453,1.72,0.0,inf,197
2022-01-15,326810379,5570448,0,321239931,2427763,1.7,0.0,inf,197
2022-01-16,328981578,5574962,0,323406616,2171199,1.69,0.0,inf,197
2022-01-17,331759391,5581472,0,326177919,2777813,1.68,0.0,inf,197
2022-01-18,335523995,5590572,0,329933423,3764604,1.67,0.0,inf,197
2022-01-19,339607276,5600509,0,334006767,4083281,1.65,0.0,inf,197
2022-01-20,343341570,5610150,0,337731420,3734294,1.63,0.0,inf,197
2022-01-21,347151687,5620108,0,341531579,3810117,1.62,0.0,inf,197
2022-01-22,349801473,5626133,0,344175340,2649822,1.61,0.0,inf,197
2022-01-23,352184811,5631303,0,346553508,2383338,1.6,0.0,inf,198
2022-01-24,355817671,5640214,0,350177457,3632860,1.59,0.0,inf,198
2022-01-25,359471485,5650697,0,353820788,3653814,1.57,0.0,inf,198
2022-01-26,363233158,5661409,0,357571749,3761673,1.56,0.0,inf,198
2022-01-27,366932890,5671713,0,361261177,3699732,1.55,0.0,inf,198
2022-01-28,370611819,5684057,0,364927762,3678929,1.53,0.0,inf,198
2022-01-29,373175361,5691951,0,367483410,2563542,1.53,0.0,inf,198
2022-01-30,375352380,5697504,0,369654876,2177019,1.52,0.0,inf,198
2022-01-31,379211855,5707928,0,373503927,3887875,1.51,0.0,inf,198
2022-02-01,382341587,5720605,0,376620982,3129732,1.5,0.0,inf,198
2022-02-02,385526232,5732521,0,379793711,3184645,1.49,0.0,inf,198
2022-02-03,388720309,5744164,0,382976145,3194077,1.48,0.0,inf,198
2022-02-04,391675874,5757335,0,385918539,2955565,1.47,0.0,inf,198
2022-02-05,393779507,5765553,0,388013954,2103633,1.46,0.0,inf,198
2022-02-06,395542316,5771531,0,389770785,1762809,1.46,0.0,inf,198
2022-02-07,398516432,5782632,0,392733800,2974116,1.45,0.0,inf,198
2022-02-08,401116122,5795427,0,395320695,2599690,1.44,0.0,inf,198
2022-02-09,403549117,5808554,0,397740563,2432995,1.44,0.0,inf,198
2022-02-10,406363391,5820436,0,400542955,2814274,1.43,0.0,inf,198
2022-02-11,408788228,5832423,0,402955805,2424837,1.43,0.0,inf,198
2022-02-12,410513339,5841073,0,404672266,1725111,1.42,0.0,inf,198
2022-02-13,411919279,5846347,0,406072932,1405940,1.42,0.0,inf,198
2022-02-14,413962163,5857576,0,408104587,2042884,1.42,0.0,inf,198
2022-02-15,415832953,5868222,0,409964731,1876322,1.41,0.0,inf,198
2022-02-16,418072759,5881335,0,412191424,2242380,1.41,0.0,inf,198
2022-02-17,420135672,5893543,0,414242129,2062913,1.4,0.0,inf,198
2022-02-18,422119106,5904181,0,416214925,1983434,1.4,0.0,inf,198
2022-02-19,423596187,5912539,0,417683648,1477081,1.4,0.0,inf,198
2022-02-20,424789720,5917919,0,418871801,1193533,1.39,0.0,inf,198
2022-02-21,426495378,5925467,0,420569911,1705658,1.39,0.0,inf,198
2022-02-22,428169102,5935518,0,422233584,1673724,1.39,0.0,inf,198
2022-02-23,430086590,5947505,0,424139085,1917488,1.38,0.0,inf,198
2022-02-24,431874501,5958316,0,425916185,1787911,1.38,0.0,inf,198
2022-02-25,433528807,5967385,0,427561422,1654306,1.38,0.0,inf,198
2022-02-26,434802795,5973927,0,428828868,1273988,1.37,0.0,inf,198
2022-02-27,435854949,5978627,0,429876322,1052171,1.37,0.0,inf,198
2022-02-28,437463827,5986294,0,431477533,1608878,1.37,0.0,inf,198
2022-03-01,439062564,5994765,0,433067799,1598737,1.37,0.0,inf,198
2022-03-02,440722439,6002946,0,434719493,1659875,1.36,0.0,inf,198
2022-03-03,442497646,6011120,0,436486526,1775207,1.36,0.0,inf,198
2022-03-04,444260070,6019817,0,438240253,1762424,1.36,0.0,inf,198
2022-03-05,445550401,6025459,0,439524942,1290331,1.35,0.0,inf,198
2022-03-06,446660147,6029686,0,440630461,1109746,1.35,0.0,inf,198
2022-03-07,448401620,6037552,0,442364068,1741473,1.35,0.0,inf,198
2022-03-08,449985919,6044438,0,443941481,1584299,1.34,0.0,inf,198
2022-03-09,451976099,6052634,0,445923465,1990180,1.34,0.0,inf,198
2022-03-10,453847080,6060159,0,447786921,1871324,1.34,0.0,inf,198
2022-03-11,455719680,6066369,0,449653311,1872600,1.33,0.0,inf,198
2022-03-12,457280387,6071102,0,451209285,1560707,1.33,0.0,inf,198
2022-03-13,458418032,6074656,0,452343376,1137645,1.33,0.0,inf,198
2022-03-14,460415942,6080255,0,454335687,1997913,1.32,0.0,inf,198
2022-03-15,462225344,6085871,0,456139473,1809402,1.32,0.0,inf,198
2022-03-16,464464205,6092759,0,458371446,2238861,1.31,0.0,inf,198
2022-03-17,466542109,6099841,0,460442268,2077904,1.31,0.0,inf,198
2022-03-18,468433636,6105602,0,462328034,1891527,1.3,0.0,inf,198
2022-03-19,469913015,6109457,0,463803558,1479379,1.3,0.0,inf,198
2022-03-20,470873843,6112784,0,464761059,960828,1.3,0.0,inf,198
2022-03-21,472753728,6128916,0,466624812,1879885,1.3,0.0,inf,198
2022-03-22,474730951,6133991,0,468596960,1977227,1.29,0.0,inf,198
2022-03-23,476534854,6139975,0,470394879,1803903,1.29,0.0,inf,198
2022-03-24,478319055,6145245,0,472173810,1784206,1.28,0.0,inf,198
2022-03-25,480078626,6154420,0,473924206,1759571,1.28,0.0,inf,198
2022-03-26,481203035,6157240,0,475045795,1124409,1.28,0.0,inf,198
2022-03-27,482053796,6159875,0,475893921,850761,1.28,0.0,inf,198
2022-03-28,483898093,6164157,0,477733936,1844297,1.27,0.0,inf,198
2022-03-29,485649915,6168605,0,479481310,1751822,1.27,0.0,inf,198
2022-03-30,487247590,6173509,0,481074081,1597675,1.27,0.0,inf,198
2022-03-31,488810861,6178001,0,482632860,1563271,1.26,0.0,inf,198
2022-04-01,490229883,6182878,0,484047005,1419022,1.26,0.0,inf,198
2022-04-02,491102544,6185451,0,484917093,872661,1.26,0.0,inf,198
2022-04-03,491795689,6187345,0,485608344,693146,1.26,0.0,inf,198
2022-04-04,493029039,6190722,0,486838317,1233350,1.26,0.0,inf,199
2022-04-05,494394436,6194890,0,488199546,1365397,1.25,0.0,inf,199
2022-04-06,495614407,6199209,0,489415198,1219971,1.25,0.0,inf,199
2022-04-07,496892754,6203530,0,490689224,1278347,1.25,0.0,inf,199
2022-04-08,498067151,6207458,0,491859693,1174397,1.25,0.0,inf,199
2022-04-09,498809406,6209802,0,492599604,742255,1.24,0.0,inf,199
2022-04-10,499371019,6211574,0,493159445,561613,1.24,0.0,inf,199
2022-04-11,500357346,6214427,0,494142919,986455,1.24,0.0,inf,199
2022-04-12,501476932,6217706,0,495259226,1119586,1.24,0.0,inf,199
2022-04-13,502551958,6221772,0,496330186,1075056,1.24,0.0,inf,199
2022-04-14,503514561,6225333,0,497289228,965471,1.24,0.0,inf,199
2022-04-15,504173546,6227807,0,497945739,667031,1.24,0.0,inf,199
2022-04-16,504728004,6229417,0,498498587,554458,1.23,0.0,inf,199
2022-04-17,505135766,6230953,0,498904813,407762,1.23,0.0,inf,199
2022-04-18,505593027,6232516,0,499360511,457261,1.23,0.0,inf,199
2022-04-19,506611148,6235533,0,500375615,1018394,1.23,0.0,inf,199
2022-04-20,507572864,6239694,0,501333170,962500,1.23,0.0,inf,199
2022-04-21,508494564,6242784,0,502251780,921700,1.23,0.0,inf,199
2022-04-22,509326073,6245549,0,503080524,831509,1.23,0.0,inf,199
2022-04-23,509804848,6247151,0,503557697,478775,1.23,0.0,inf,199
2022-04-24,510170201,6248317,0,503921884,365353,1.22,0.0,inf,199
2022-04-25,510807207,6250454,0,504556753,637006,1.22,0.0,inf,199
2022-04-26,511586152,6254734,0,505331418,778945,1.22,0.0,inf,199
2022-04-27,512270545,6257861,0,506012684,684393,1.22,0.0,inf,199
2022-04-28,513029820,6260860,0,506768960,759300,1.22,0.0,inf,199
2022-04-29,513674263,6263399,0,507410864,644443,1.22,0.0,inf,199
2022-04-30,514028003,6264863,0,507763140,353740,1.22,0.0,inf,199
2022-05-01,514337424,6266066,0,508071358,309421,1.22,0.0,inf,199
2022-05-02,514784854,6267807,0,508517047,447430,1.22,0.0,inf,199
2022-05-03,515456909,6270002,0,509186907,672455,1.22,0.0,inf,199
2022-05-04,516084404,6273723,0,509810681,627495,1.22,0.0,inf,199
2022-05-05,516684038,6275963,0,510408075,599634,1.21,0.0,inf,199
2022-05-06,517314925,6278096,0,511036829,630887,1.21,0.0,inf,199
2022-05-07,517654258,6279250,0,511375008,339333,1.21,0.0,inf,199
2022-05-08,517933111,6280091,0,511653020,278853,1.21,0.0,inf,199
2022-05-09,518623538,6281977,0,512341561,690427,1.21,0.0,inf,199
2022-05-10,519264799,6283976,0,512980823,641261,1.21,0.0,inf,199
2022-05-11,519959508,6286202,0,513673306,694709,1.21,0.0,inf,199
2022-05-12,520612153,6288197,0,514323956,652645,1.21,0.0,inf,199
2022-05-13,521185114,6290079,0,514895035,572961,1.21,0.0,inf,199
2022-05-14,521623840,6291043,0,515332797,438726,1.21,0.0,inf,200
2022-05-15,521997492,6291822,0,515705670,373652,1.21,0.0,inf,200
2022-05-16,522587922,6293400,0,516294522,591337,1.2,0.0,inf,200
2022-05-17,523196288,6295253,0,516901035,608657,1.2,0.0,inf,200
2022-05-18,523956899,6297614,0,517659285,760611,1.2,0.0,inf,200
2022-05-19,524552967,6299347,0,518253620,597624,1.2,0.0,inf,200
2022-05-20,525179079,6301345,0,518877734,626112,1.2,0.0,inf,200
2022-05-21,525546242,6302438,0,519243804,367163,1.2,0.0,inf,200
2022-05-22,525862056,6303048,0,519559008,327871,1.2,0.0,inf,200
2022-05-23,526355204,6304610,0,520050594,522783,1.2,0.0,inf,201
2022-05-24,526949796,6306262,0,520643534,594592,1.2,0.0,inf,201
2022-05-25,527593755,6308875,0,521284880,643959,1.2,0.0,inf,201
2022-05-26,528096493,6310309,0,521786184,507100,1.19,0.0,inf,201
2022-05-27,528666149,6312283,0,522353866,569656,1.19,0.0,inf,201
2022-05-28,528995178,6313120,0,522682058,329029,1.19,0.0,inf,201
2022-05-29,529271873,6313739,0,522958134,276695,1.19,0.0,inf,201
2022-05-30,529616224,6314848,0,523301376,344351,1.19,0.0,inf,201
2022-05-31,530241569,6316371,0,523925198,625345,1.19,0.0,inf,201
2022-06-01,530939976,6318382,0,524621594,698407,1.19,0.0,inf,201
2022-06-02,531470716,6320070,0,525150646,530740,1.19,0.0,inf,201
2022-06-03,532014270,6321601,0,525692669,543554,1.19,0.0,inf,201
2022-06-04,532267351,6322293,0,525945058,253081,1.19,0.0,inf,201
2022-06-05,532530338,6323106,0,526207232,262987,1.19,0.0,inf,201
2022-06-06,532965247,6324071,0,526641176,434909,1.19,0.0,inf,201
2022-06-07,533576907,6326085,0,527250822,611660,1.19,0.0,inf,201
2022-06-08,534283486,6328655,0,527954831,706579,1.18,0.0,inf,201
2022-06-09,534848531,6330211,0,528518320,565045,1.18,0.0,inf,201
2022-06-10,535405294,6331910,0,529073384,556763,1.18,0.0,inf,201
2022-06-11,535689085,6332832,0,529356253,283887,1.18,0.0,inf,201
2022-06-12,535887333,6333409,0,529553924,198248,1.18,0.0,inf,201
2022-06-13,536415150,6335097,0,530080053,527817,1.18,0.0,inf,201
2022-06-14,537272203,6336934,0,530935269,857053,1.18,0.0,inf,201
2022-06-15,537994296,6338929,0,531655367,722093,1.18,0.0,inf,201
2022-06-16,538577138,6340792,0,532236346,582842,1.18,0.0,inf,201
2022-06-17,539110151,6342051,0,532768100,533013,1.18,0.0,inf,201
2022-06-18,539338742,6342696,0,532996046,228591,1.18,0.0,inf,201
2022-06-19,539607241,6343376,0,533263865,268499,1.18,0.0,inf,201
2022-06-20,540362445,6344898,0,534017547,755204,1.17,0.0,inf,201
2022-06-21,541178509,6346630,0,534831879,816064,1.17,0.0,inf,201
2022-06-22,541984328,6348658,0,535635670,805819,1.17,0.0,inf,201
2022-06-23,542767959,6350472,0,536417487,783631,1.17,0.0,inf,201
2022-06-24,543545293,6352244,0,537193049,777334,1.17,0.0,inf,201
2022-06-25,543862216,6353044,0,537509172,316923,1.17,0.0,inf,201
2022-06-26,544148980,6353707,0,537795273,286764,1.17,0.0,inf,201
2022-06-27,545021364,6355178,0,538666186,872384,1.17,0.0,inf,201
2022-06-28,545963319,6357110,0,539606209,941955,1.16,0.0,inf,201
2022-06-29,546896134,6358937,0,540537197,932815,1.16,0.0,inf,201
2022-06-30,547974317,6360329,0,541613988,1078183,1.16,0.0,inf,201
2022-07-01,548925491,6362195,0,542563296,951174,1.16,0.0,inf,201
2022-07-02,549284928,6363030,0,542921898,359437,1.16,0.0,inf,201
2022-07-03,549643412,6363765,0,543279647,358484,1.16,0.0,inf,201
2022-07-04,550495502,6364917,0,544130585,852090,1.16,0.0,inf,201
2022-07-05,551700794,6367127,0,545333667,1205292,1.15,0.0,inf,201
2022-07-06,552926114,6369463,0,546556651,1225320,1.15,0.0,inf,201
2022-07-07,553979237,6372169,0,547607068,1053123,1.15,0.0,inf,201
2022-07-08,554985885,6374458,0,548611427,1006648,1.15,0.0,inf,201
2022-07-09,555489725,6375501,0,549114224,503840,1.15,0.0,inf,201
2022-07-10,555912593,6376347,0,549536246,422868,1.15,0.0,inf,201
2022-07-11,556965871,6378130,0,550587741,1053278,1.15,0.0,inf,201
2022-07-12,558188894,6380590,0,551808304,1223023,1.14,0.0,inf,201
2022-07-13,559615969,6383201,0,553232768,1427075,1.14,0.0,inf,201
2022-07-14,560618337,6385278,0,554233059,1002368,1.14,0.0,inf,201
2022-07-15,561620875,6387586,0,555233289,1002538,1.14,0.0,inf,201
2022-07-16,562173878,6388670,0,555785208,553003,1.14,0.0,inf,201
2022-07-17,562633320,6389656,0,556243664,459442,1.14,0.0,inf,201
2022-07-18,563831363,6391734,0,557439629,1198043,1.13,0.0,inf,201
2022-07-19,565376142,6394813,0,558981329,1545549,1.13,0.0,inf,201
2022-07-20,566978238,6397714,0,560580524,1603120,1.13,0.0,inf,201
2022-07-21,568132310,6400258,0,561732052,1154072,1.13,0.0,inf,201
2022-07-22,569227609,6403118,0,562824491,1095306,1.12,0.0,inf,201
2022-07-23,569864429,6404405,0,563460024,636820,1.12,0.0,inf,201
2022-07-24,570415520,6405438,0,564010082,551091,1.12,0.0,inf,201
2022-07-25,571389219,6407386,0,564981833,973699,1.12,0.0,inf,201
2022-07-26,572585879,6410303,0,566175576,1198295,1.12,0.0,inf,201
2022-07-27,574012504,6413653,0,567598851,1426625,1.12,0.0,inf,201
2022-07-28,575128637,6416416,0,568712221,1116133,1.12,0.0,inf,201
2022-07-29,576504042,6419438,0,570084604,1375411,1.11,0.0,inf,201
2022-07-30,577080293,6420533,0,570659760,576251,1.11,0.0,inf,201
2022-07-31,577625050,6421448,0,571203602,544757,1.11,0.0,inf,201
2022-08-01,578498268,6423883,0,572074385,873218,1.11,0.0,inf,201
2022-08-02,579688847,6426763,0,573262084,1190579,1.11,0.0,inf,201
2022-08-03,580844327,6429907,0,574414420,1155480,1.11,0.0,inf,201
2022-08-04,582298507,6433081,0,575865426,1465623,1.1,0.0,inf,201
2022-08-05,583199840,6436031,0,576763809,901333,1.1,0.0,inf,201
2022-08-06,584378161,6437762,0,577940399,1178321,1.1,0.0,inf,201
2022-08-07,584876085,6438704,0,578437381,497924,1.1,0.0,inf,201
2022-08-08,585692322,6441006,0,579251316,816237,1.1,0.0,inf,201
2022-08-09,586732558,6444566,0,580287992,1040236,1.1,0.0,inf,201
2022-08-10,587759595,6447272,0,581312323,1027037,1.1,0.0,inf,201
2022-08-11,588765069,6450479,0,582314590,1005474,1.1,0.0,inf,201
2022-08-12,589518048,6453293,0,583064755,752979,1.09,0.0,inf,201
2022-08-13,590154612,6454777,0,583699835,636564,1.09,0.0,inf,201
2022-08-14,590615366,6455771,0,584159595,460754,1.09,0.0,inf,201
2022-08-15,591470649,6458166,0,585012483,855283,1.09,0.0,inf,201
2022-08-16,592553956,6461602,0,586092354,1083307,1.09,0.0,inf,201
2022-08-17,593544473,6464838,0,587079635,990517,1.09,0.0,inf,201
2022-08-18,594489234,6467820,0,588021414,944761,1.09,0.0,inf,201
2022-08-19,595290702,6470533,0,588820169,801468,1.09,0.0,inf,201
2022-08-20,595865130,6471724,0,589393406,574428,1.09,0.0,inf,201
2022-08-21,596349664,6473445,0,589876219,484534,1.09,0.0,inf,201
2022-08-22,597060819,6474866,0,590585953,711155,1.08,0.0,inf,201
2022-08-23,597949972,6477794,0,591472178,889617,1.08,0.0,inf,201
2022-08-24,598834543,6480950,0,592353593,884632,1.08,0.0,inf,201
2022-08-25,599699548,6483907,0,593215641,865005,1.08,0.0,inf,201
2022-08-26,600401903,6486436,0,593915467,702355,1.08,0.0,inf,201
2022-08-27,600854582,6487647,0,594366935,452679,1.08,0.0,inf,201
2022-08-28,601260827,6488670,0,594772157,406245,1.08,0.0,inf,201
2022-08-29,601837965,6490683,0,595347282,577138,1.08,0.0,inf,201
2022-08-30,602585861,6493182,0,596092679,747896,1.08,0.0,inf,201
2022-08-31,603339040,6496550,0,596842490,753179,1.08,0.0,inf,201
2022-09-01,604018804,6499102,0,597519702,679764,1.08,0.0,inf,201
2022-09-02,604676287,6501819,0,598174468,657483,1.08,0.0,inf,201
2022-09-03,605052969,6502896,0,598550073,376682,1.07,0.0,inf,201
2022-09-04,605423358,6504007,0,598919351,370389,1.07,0.0,inf,201
2022-09-05,605881148,6505453,0,599375695,457790,1.07,0.0,inf,201
2022-09-06,606554997,6507768,0,600047229,673849,1.07,0.0,inf,201
2022-09-07,607171546,6509944,0,600661602,616549,1.07,0.0,inf,201
2022-09-08,607755506,6512183,0,601243323,583960,1.07,0.0,inf,201
2022-09-09,608281134,6514478,0,601766656,525628,1.07,0.0,inf,201
2022-09-10,608594366,6515421,0,602078945,313232,1.07,0.0,inf,201
2022-09-11,608908659,6516207,0,602392452,314293,1.07,0.0,inf,201
2022-09-12,609393741,6517720,0,602876021,485223,1.07,0.0,inf,201
2022-09-13,609942218,6519702,-1,603422517,548477,1.07,-0.0,-651970200.0,201
2022-09-14,610640243,6522032,-1,604118212,710959,1.07,-0.0,-652203200.0,201
2022-09-15,611251541,6524602,-1,604726940,611298,1.07,-0.0,-652460200.0,201
2022-09-16,611707437,6526611,-1,605180827,455896,1.07,-0.0,-652661100.0,201
2022-09-17,612002534,6527461,-1,605475074,295097,1.07,-0.0,-652746100.0,201
2022-09-18,612257111,6528049,-1,605729063,254577,1.07,-0.0,-652804900.0,201
2022-09-19,612673963,6529431,-1,606144533,416852,1.07,-0.0,-652943100.0,201
2022-09-20,613227572,6531261,-1,606696312,553745,1.07,-0.0,-653126100.0,201
2022-09-21,613745750,6533318,0,607212432,518178,1.06,0.0,inf,201
2022-09-22,614365390,6535513,0,607829877,619640,1.06,0.0,inf,201
2022-09-23,614883451,6537341,0,608346110,518061,1.06,0.0,inf,201
2022-09-24,615148616,6538177,0,608610439,265165,1.06,0.0,inf,201
2022-09-25,615371539,6538685,0,608832854,222923,1.06,0.0,inf,201
2022-09-26,615794219,6540058,0,609254161,422706,1.06,0.0,inf,201
2022-09-27,616393758,6541661,0,609852097,599539,1.06,0.0,inf,201
2022-09-28,616943716,6544003,0,610399713,549958,1.06,0.0,inf,201
2022-09-29,617587849,6546289,0,611041560,644133,1.06,0.0,inf,201
2022-09-30,618060372,6547762,0,611512610,472523,1.06,0.0,inf,201
2022-10-01,618301429,6548432,0,611752997,241057,1.06,0.0,inf,201
2022-10-02,618502138,6548998,0,611953140,200817,1.06,0.0,inf,201
2022-10-03,618822004,6550361,0,612271643,319866,1.06,0.0,inf,201
2022-10-04,619422193,6551963,0,612870230,600189,1.06,0.0,inf,201
2022-10-05,620005197,6554150,0,613451047,583004,1.06,0.0,inf,201
2022-10-06,620645800,6556162,0,614089638,640603,1.06,0.0,inf,201
2022-10-07,621221027,6557961,0,614663066,575227,1.06,0.0,inf,201
2022-10-08,621440044,6558674,0,614881370,219017,1.06,0.0,inf,201
2022-10-09,621658996,6559308,0,615099688,218952,1.06,0.0,inf,201
2022-10-10,622112629,6560625,0,615552004,453633,1.05,0.0,inf,201
2022-10-11,622802836,6562536,0,616240300,690366,1.05,0.0,inf,201
2022-10-12,623353219,6564438,0,616788781,550383,1.05,0.0,inf,201
2022-10-13,624016113,6566543,0,617449570,662894,1.05,0.0,inf,201
2022-10-14,624494008,6568259,0,617925749,477895,1.05,0.0,inf,201
2022-10-15,624712097,6569036,0,618143061,218089,1.05,0.0,inf,201
2022-10-16,624904267,6569584,0,618334683,192170,1.05,0.0,inf,201
2022-10-17,625380762,6571344,0,618809418,476495,1.05,0.0,inf,201
2022-10-18,626009472,6573191,0,619436281,629331,1.05,0.0,inf,201
2022-10-19,626536431,6575434,0,619960997,527753,1.05,0.0,inf,201
2022-10-20,627131819,6577637,0,620554182,595412,1.05,0.0,inf,201
2022-10-21,627563033,6579639,0,620983394,431214,1.05,0.0,inf,201
2022-10-22,627745374,6580259,0,621165115,182341,1.05,0.0,inf,201
2022-10-23,627906174,6580853,0,621325321,160800,1.05,0.0,inf,201
2022-10-24,628292158,6582173,0,621709985,386605,1.05,0.0,inf,201
2022-10-25,628887107,6584353,0,622302754,594949,1.05,0.0,inf,201
2022-10-26,629354131,6586858,0,622767273,467024,1.05,0.0,inf,201
2022-10-27,629825004,6588984,0,623236020,477758,1.05,0.0,inf,201
2022-10-28,630188852,6590467,0,623598385,363848,1.05,0.0,inf,201
2022-10-29,630387961,6591138,0,623796823,199109,1.05,0.0,inf,201
2022-10-30,630555274,6591741,0,623963533,167313,1.05,0.0,inf,201
2022-10-31,630855587,6592962,0,624262625,300424,1.05,0.0,inf,201
2022-11-01,631257223,6595764,0,624661459,401636,1.04,0.0,inf,201
2022-11-02,631605553,6597350,0,625008203,348330,1.04,0.0,inf,201
2022-11-03,632099160,6599695,0,625499465,493607,1.04,0.0,inf,201
2022-11-04,632543650,6601673,0,625941977,444490,1.04,0.0,inf,201
2022-11-05,632744972,6602286,0,626142686,201322,1.04,0.0,inf,201
2022-11-06,632931615,6602830,0,626328785,186643,1.04,0.0,inf,201
2022-11-07,633236212,6603974,0,626632238,306063,1.04,0.0,inf,201
2022-11-08,633687028,6605250,0,627081778,450816,1.04,0.0,inf,201
2022-11-09,634121053,6607365,0,627513688,434025,1.04,0.0,inf,201
2022-11-10,634581453,6609457,0,627971996,460426,1.04,0.0,inf,201
2022-11-11,635069827,6611165,0,628458662,488374,1.04,0.0,inf,201
2022-11-12,635312334,6611612,0,628700722,242507,1.04,0.0,inf,201
2022-11-13,635495843,6612117,0,628883726,183509,1.04,0.0,inf,201
2022-11-14,635842682,6613462,0,629229220,348140,1.04,0.0,inf,201
2022-11-15,636346431,6614527,0,629731904,503749,1.04,0.0,inf,201
2022-11-16,636832747,6616833,0,630215914,486316,1.04,0.0,inf,201
2022-11-17,637312096,6618875,0,630693221,479917,1.04,0.0,inf,201
2022-11-18,637942820,6621234,0,631321586,630724,1.04,0.0,inf,201
2022-11-19,638190175,6621728,0,631568447,247355,1.04,0.0,inf,201
2022-11-20,638412606,6622317,0,631790289,222431,1.04,0.0,inf,201
2022-11-21,638754188,6623443,0,632130745,341582,1.04,0.0,inf,201
2022-11-22,639328415,6625184,0,632703231,574227,1.04,0.0,inf,201
2022-11-23,639919189,6627291,0,633291898,591041,1.04,0.0,inf,201
2022-11-24,640339580,6628690,0,633710890,420391,1.04,0.0,inf,201
2022-11-25,641037771,6630892,0,634406879,698191,1.03,0.0,inf,201
2022-11-26,641308397,6631404,0,634676993,270626,1.03,0.0,inf,201
2022-11-27,641571858,6631994,0,634939864,263461,1.03,0.0,inf,201
2022-11-28,641977647,6633172,0,635344475,405812,1.03,0.0,inf,201
2022-11-29,642708342,6634772,0,636073570,730695,1.03,0.0,inf,201
2022-11-30,643244123,6636401,0,636607722,535781,1.03,0.0,inf,201
2022-12-01,643950364,6638794,0,637311570,706241,1.03,0.0,inf,201
2022-12-02,644711955,6641139,0,638070816,761591,1.03,0.0,inf,201
2022-12-03,645011864,6641748,0,638370116,299909,1.03,0.0,inf,201
2022-12-04,645269011,6642384,0,638626627,257152,1.03,0.0,inf,201
2022-12-05,645774500,6643774,0,639130726,505489,1.03,0.0,inf,201
2022-12-06,646399010,6645516,0,639753494,624780,1.03,0.0,inf,201
2022-12-07,647032502,6647694,0,640384808,635452,1.03,0.0,inf,201
2022-12-08,647841604,6650703,0,641190901,809102,1.03,0.0,inf,201
2022-12-09,648512056,6652882,0,641859174,670452,1.03,0.0,inf,201
2022-12-10,648786733,6653491,0,642133242,274677,1.03,0.0,inf,201
2022-12-11,649085967,6654152,0,642431815,299234,1.03,0.0,inf,201
2022-12-12,649658720,6655818,0,643002902,572753,1.02,0.0,inf,201
2022-12-13,650436793,6657780,0,643779013,778073,1.02,0.0,inf,201
2022-12-14,651122541,6660233,0,644462308,694387,1.02,0.0,inf,201
2022-12-15,651873247,6663038,0,645210209,750706,1.02,0.0,inf,201
2022-12-16,652605304,6665736,0,645939568,732057,1.02,0.0,inf,201
2022-12-17,652905777,6666547,0,646239230,300473,1.02,0.0,inf,201
2022-12-18,653189501,6667338,0,646522163,283724,1.02,0.0,inf,201
2022-12-19,653775912,6669159,0,647106753,586411,1.02,0.0,inf,201
2022-12-20,654484792,6671373,0,647813419,708880,1.02,0.0,inf,201
2022-12-21,655205564,6673938,0,648531626,720772,1.02,0.0,inf,201
2022-12-22,655963530,6676603,0,649286927,757966,1.02,0.0,inf,201
2022-12-23,656604975,6679286,0,649925689,641445,1.02,0.0,inf,201
2022-12-24,656949354,6680275,0,650269079,344379,1.02,0.0,inf,201
2022-12-25,657135648,6681140,0,650454508,251580,1.02,0.0,inf,201
2022-12-26,657655053,6682247,0,650972806,519405,1.02,0.0,inf,201
2022-12-27,658309208,6684351,0,651624857,654155,1.02,0.0,inf,201
2022-12-28,658946340,6687147,0,652259193,637132,1.01,0.0,inf,201
2022-12-29,659617625,6690067,0,652927558,671285,1.01,0.0,inf,201
2022-12-30,660199728,6692483,0,653507245,582103,1.01,0.0,inf,201
2022-12-31,660463792,6693376,0,653770416,264064,1.01,0.0,inf,201
2023-01-01,660778387,6694422,0,654083965,314595,1.01,0.0,inf,201
2023-01-02,661198108,6695785,0,654502323,419721,1.01,0.0,inf,201
2023-01-03,661660893,6698027,0,654962866,462785,1.01,0.0,inf,201
2023-01-04,662231345,6700950,0,655530395,571481,1.01,0.0,inf,201
2023-01-05,662966595,6704613,0,656261982,735250,1.01,0.0,inf,201
2023-01-06,663685449,6707751,0,656977698,718854,1.01,0.0,inf,201
2023-01-07,664042494,6708702,0,657333792,357045,1.01,0.0,inf,201
2023-01-08,664369944,6709761,0,657660183,327450,1.01,0.0,inf,201
2023-01-09,664718936,6711921,0,658007015,348992,1.01,0.0,inf,201
2023-01-10,665113877,6714281,0,658399596,394941,1.01,0.0,inf,201
2023-01-11,665620426,6717557,0,658902869,506549,1.01,0.0,inf,201
2023-01-12,666097539,6720999,0,659376540,477113,1.01,0.0,inf,201
2023-01-13,666533383,6723980,0,659809403,435844,1.01,0.0,inf,201
2023-01-14,666754735,6724994,0,660029741,221352,1.01,0.0,inf,201
2023-01-15,666951599,6785897,0,660165702,196864,1.02,0.0,inf,201
2023-01-16,667166217,6787220,0,660378997,214618,1.02,0.0,inf,201
2023-01-17,667518310,6789239,0,660729071,352093,1.02,0.0,inf,201
2023-01-18,667896028,6792400,0,661103628,377718,1.02,0.0,inf,201
2023-01-19,668220526,6796012,0,661424514,324498,1.02,0.0,inf,201
2023-01-20,668562246,6799459,0,661762787,341720,1.02,0.0,inf,201
2023-01-21,668715650,6812953,0,661902697,153404,1.02,0.0,inf,201
2023-01-22,668830077,6813633,0,662016444,114427,1.02,0.0,inf,201
2023-01-23,669001131,6815188,0,662185943,171054,1.02,0.0,inf,201
2023-01-24,669272951,6817236,0,662455715,271820,1.02,0.0,inf,201
2023-01-25,669567171,6819539,0,662747632,295744,1.02,0.0,inf,201
2023-01-26,669848920,6822660,0,663026260,281749,1.02,0.0,inf,201
2023-01-27,670086844,6824464,0,663262380,237924,1.02,0.0,inf,201
2023-01-28,670220207,6831519,0,663388688,133363,1.02,0.0,inf,201
2023-01-29,670344054,6832256,0,663511798,123847,1.02,0.0,inf,201
2023-01-30,670503932,6833468,0,663670464,160659,1.02,0.0,inf,201
2023-01-31,670734589,6835338,0,663899251,230714,1.02,0.0,inf,201
2023-02-01,671032404,6838027,0,664194377,297815,1.02,0.0,inf,201
2023-02-02,671291489,6840771,0,664450718,259085,1.02,0.0,inf,201
2023-02-03,671529548,6843097,0,664686451,238278,1.02,0.0,inf,201
2023-02-04,671632287,6847046,0,664785241,102787,1.02,0.0,inf,201
2023-02-05,671721476,6847646,0,664873830,89189,1.02,0.0,inf,201
2023-02-06,671867463,6848667,0,665018796,146289,1.02,0.0,inf,201
2023-02-07,672065240,6849942,0,665215298,197777,1.02,0.0,inf,201
2023-02-08,672295338,6851942,0,665443396,230098,1.02,0.0,inf,201
2023-02-09,672554241,6854280,0,665699961,258903,1.02,0.0,inf,201
2023-02-10,672696324,6855413,0,665840911,143325,1.02,0.0,inf,201
2023-02-11,672828531,6856046,0,665972485,132207,1.02,0.0,inf,201
2023-02-12,672906177,6856419,0,666049758,77646,1.02,0.0,inf,201
2023-02-13,673044131,6857217,0,666186914,137954,1.02,0.0,inf,201
2023-02-14,673237731,6858411,0,666379320,193617,1.02,0.0,inf,201
2023-02-15,673477639,6859933,0,666617706,239908,1.02,0.0,inf,201
2023-02-16,673685532,6862019,0,666823513,208820,1.02,0.0,inf,201
2023-02-17,673878833,6863873,0,667014960,193301,1.02,0.0,inf,201
2023-02-18,673969796,6864248,0,667105548,90963,1.02,0.0,inf,201
2023-02-19,674056229,6864711,0,667191518,86433,1.02,0.0,inf,201
2023-02-20,674143589,6865287,0,667278302,87360,1.02,0.0,inf,201
2023-02-21,674323721,6866088,0,667457633,180132,1.02,0.0,inf,201
2023-02-22,674569824,6867909,0,667701915,246237,1.02,0.0,inf,201
2023-02-23,674790916,6869817,0,667921099,221092,1.02,0.0,inf,201
2023-02-24,674933342,6870806,0,668062536,142426,1.02,0.0,inf,201
2023-02-25,674978793,6871024,0,668107769,45451,1.02,0.0,inf,201
2023-02-26,675044414,6871268,0,668173146,65621,1.02,0.0,inf,201
2023-02-27,675171439,6871808,0,668299631,127025,1.02,0.0,inf,201
2023-02-28,675322238,6872682,0,668449556,150801,1.02,0.0,inf,201
2023-03-01,675542852,6874463,0,668668389,220614,1.02,0.0,inf,201
2023-03-02,675731911,6876031,0,668855880,190572,1.02,0.0,inf,201
2023-03-03,675914580,6877325,0,669037255,182669,1.02,0.0,inf,201
2023-03-04,675968775,6877601,0,669091174,54195,1.02,0.0,inf,201
2023-03-05,676024901,6877749,0,669147152,59988,1.02,0.0,inf,201
2023-03-06,676082941,6878115,0,669204826,63196,1.02,0.0,inf,201
2023-03-07,676213378,6879038,0,669334340,130437,1.02,0.0,inf,201
